timestamp,endpoint,latency,avg_latency,max_latency,latency_std,request_rate,error_rate,errors_per_window,endpoint_frequency,error_category
2026-03-09 21:00:00+00:00,/api/db,42.5,42.5,59.0,16.5,0.03333333333333333,0.0,0,2,none
2026-03-09 21:00:00+00:00,/api/error,19.0,19.0,19.0,0.0,0.016666666666666666,1.0,1,1,SYSTEM_ERROR
2026-03-09 21:00:00+00:00,/api/normal,40.166666666666664,40.166666666666664,78.0,21.32226275255253,0.2,0.0,0,12,none
2026-03-09 21:00:00+00:00,/api/slow,1896.25,1896.25,2817.0,692.8670056367239,0.06666666666666667,0.0,0,4,none
2026-03-09 21:00:00+00:00,/api/validate,32.0,32.0,32.0,0.0,0.016666666666666666,1.0,1,1,VALIDATION_ERROR
2026-03-09 21:01:00+00:00,/api/db,11.0,11.0,11.0,0.0,0.016666666666666666,0.0,0,1,none
2026-03-09 21:01:00+00:00,/api/error,21.0,21.0,24.0,3.559026084010437,0.05,1.0,3,3,SYSTEM_ERROR
2026-03-09 21:01:00+00:00,/api/normal,43.5,43.5,76.0,18.368256780186222,0.23333333333333334,0.0,0,14,none
2026-03-09 21:01:00+00:00,/api/slow,2709.0,2709.0,2709.0,0.0,0.016666666666666666,0.0,0,1,none
2026-03-09 21:01:00+00:00,/api/validate,46.0,46.0,46.0,0.0,0.016666666666666666,0.0,0,1,none
2026-03-09 21:02:00+00:00,/api/normal,37.6875,37.6875,71.0,19.123672339537716,0.26666666666666666,0.0,0,16,none
2026-03-09 21:02:00+00:00,/api/slow,1972.3333333333333,1972.3333333333333,2881.0,687.9231223197999,0.05,0.0,0,3,none
2026-03-09 21:03:00+00:00,/api/db,74.0,74.0,74.0,0.0,0.016666666666666666,0.0,0,1,none
2026-03-09 21:03:00+00:00,/api/error,42.0,42.0,47.0,5.0,0.03333333333333333,1.0,2,2,SYSTEM_ERROR
2026-03-09 21:03:00+00:00,/api/normal,47.75,47.75,76.0,22.730761095924613,0.2,0.0,0,12,none
2026-03-09 21:03:00+00:00,/api/slow,2275.4,2275.4,2858.0,573.9552595803963,0.08333333333333333,0.0,0,5,none
2026-03-09 21:04:00+00:00,/api/db,59.0,59.0,75.0,16.0,0.03333333333333333,0.0,0,2,none
2026-03-09 21:04:00+00:00,/api/error,25.0,25.0,25.0,0.0,0.016666666666666666,1.0,1,1,SYSTEM_ERROR
2026-03-09 21:04:00+00:00,/api/normal,48.06666666666667,48.06666666666667,74.0,19.631493971564048,0.25,0.0,0,15,none
2026-03-09 21:04:00+00:00,/api/slow,2349.0,2349.0,2349.0,0.0,0.016666666666666666,0.0,0,1,none
2026-03-09 21:05:00+00:00,/api/normal,43.529411764705884,43.529411764705884,79.0,20.009167449119925,0.2833333333333333,0.0,0,17,none
2026-03-09 21:05:00+00:00,/api/slow,2102.0,2102.0,2905.0,803.0,0.03333333333333333,0.0,0,2,none
2026-03-09 21:06:00+00:00,/api/error,30.333333333333332,30.333333333333332,40.0,6.847546194724712,0.05,1.0,3,3,SYSTEM_ERROR
2026-03-09 21:06:00+00:00,/api/normal,35.0,35.0,75.0,19.655363983740756,0.2,0.0,0,12,none
2026-03-09 21:06:00+00:00,/api/slow,2095.0,2095.0,2482.0,332.5830723293054,0.06666666666666667,0.0,0,4,none
2026-03-09 21:06:00+00:00,/api/validate,28.0,28.0,28.0,0.0,0.016666666666666666,0.0,0,1,none
2026-03-09 21:07:00+00:00,/api/normal,43.0,43.0,77.0,21.563858652847824,0.2,0.0,0,12,none
2026-03-09 21:07:00+00:00,/api/slow,1544.0,1544.0,2550.0,531.9323265228388,0.13333333333333333,0.0,0,8,none
2026-03-09 21:08:00+00:00,/api/normal,49.4375,49.4375,79.0,21.09493052252128,0.26666666666666666,0.0,0,16,none
2026-03-09 21:08:00+00:00,/api/slow,1842.0,1842.0,1860.0,18.0,0.03333333333333333,0.0,0,2,none
2026-03-09 21:08:00+00:00,/api/validate,30.0,30.0,30.0,0.0,0.016666666666666666,0.0,0,1,none
2026-03-09 21:09:00+00:00,/api/error,36.0,36.0,46.0,10.198039027185569,0.05,1.0,3,3,SYSTEM_ERROR
2026-03-09 21:09:00+00:00,/api/normal,41.23076923076923,41.23076923076923,78.0,24.322050287291052,0.21666666666666667,0.0,0,13,none
2026-03-09 21:09:00+00:00,/api/slow,2310.6666666666665,2310.6666666666665,2964.0,634.676995714268,0.05,0.0,0,3,none
2026-03-09 21:10:00+00:00,/api/db,13.0,13.0,13.0,0.0,0.016666666666666666,0.0,0,1,none
2026-03-09 21:10:00+00:00,/api/error,47.0,47.0,47.0,0.0,0.016666666666666666,1.0,1,1,SYSTEM_ERROR
2026-03-09 21:10:00+00:00,/api/normal,37.53333333333333,37.53333333333333,70.0,21.171889119511487,0.25,0.0,0,15,none
2026-03-09 21:10:00+00:00,/api/slow,2030.0,2030.0,2533.0,503.0,0.03333333333333333,0.0,0,2,none
2026-03-09 21:10:00+00:00,/api/validate,25.0,25.0,25.0,0.0,0.016666666666666666,1.0,1,1,VALIDATION_ERROR
2026-03-09 21:11:00+00:00,/api/db,28.0,28.0,28.0,0.0,0.016666666666666666,0.0,0,1,none
2026-03-09 21:11:00+00:00,/api/normal,43.69230769230769,43.69230769230769,72.0,17.82126912248661,0.21666666666666667,0.0,0,13,none
2026-03-09 21:11:00+00:00,/api/slow,2265.8333333333335,2265.8333333333335,2982.0,632.9756226655879,0.1,0.0,0,6,none
2026-03-09 21:12:00+00:00,/api/db,14.0,14.0,14.0,0.0,0.016666666666666666,0.0,0,1,none
2026-03-09 21:12:00+00:00,/api/error,49.0,49.0,49.0,0.0,0.016666666666666666,1.0,1,1,SYSTEM_ERROR
2026-03-09 21:12:00+00:00,/api/normal,40.86666666666667,40.86666666666667,75.0,21.574264504007754,0.25,0.0,0,15,none
2026-03-09 21:12:00+00:00,/api/slow,1530.5,1530.5,1830.0,299.5,0.03333333333333333,0.0,0,2,none
2026-03-09 21:12:00+00:00,/api/validate,23.0,23.0,23.0,0.0,0.016666666666666666,0.0,0,1,none
2026-03-09 21:13:00+00:00,/api/normal,43.44444444444444,43.44444444444444,77.0,16.45945261079218,0.3,0.0,0,18,none
2026-03-09 21:13:00+00:00,/api/slow,2180.0,2180.0,2180.0,0.0,0.016666666666666666,0.0,0,1,none
2026-03-09 21:13:00+00:00,/api/validate,12.0,12.0,12.0,0.0,0.016666666666666666,0.0,0,1,none
2026-03-09 21:14:00+00:00,/api/db,30.0,30.0,30.0,0.0,0.016666666666666666,0.0,0,1,none
2026-03-09 21:14:00+00:00,/api/error,20.0,20.0,20.0,0.0,0.016666666666666666,1.0,1,1,SYSTEM_ERROR
2026-03-09 21:14:00+00:00,/api/normal,44.714285714285715,44.714285714285715,77.0,25.36428470853279,0.23333333333333334,0.0,0,14,none
2026-03-09 21:14:00+00:00,/api/slow,2710.3333333333335,2710.3333333333335,2841.0,143.8293742212935,0.05,0.0,0,3,none
2026-03-09 21:15:00+00:00,/api/error,35.0,35.0,35.0,0.0,0.016666666666666666,1.0,1,1,SYSTEM_ERROR
2026-03-09 21:15:00+00:00,/api/normal,42.857142857142854,42.857142857142854,79.0,19.45271608967,0.23333333333333334,0.0,0,14,none
2026-03-09 21:15:00+00:00,/api/slow,1095.0,1095.0,1095.0,0.0,0.016666666666666666,0.0,0,1,none
2026-03-09 21:15:00+00:00,/api/validate,52.333333333333336,52.333333333333336,71.0,25.69478978746902,0.05,0.3333333333333333,1,3,none
2026-03-09 21:16:00+00:00,/api/error,23.0,23.0,23.0,0.0,0.016666666666666666,1.0,1,1,SYSTEM_ERROR
2026-03-09 21:16:00+00:00,/api/normal,56.53333333333333,56.53333333333333,78.0,18.686418121786268,0.25,0.0,0,15,none
2026-03-09 21:16:00+00:00,/api/slow,2453.0,2453.0,2895.0,348.56276335833695,0.05,0.0,0,3,none
2026-03-09 21:17:00+00:00,/api/db,47.0,47.0,47.0,0.0,0.016666666666666666,0.0,0,1,none
2026-03-09 21:17:00+00:00,/api/error,27.25,27.25,33.0,6.098155458825234,0.06666666666666667,1.0,4,4,SYSTEM_ERROR
2026-03-09 21:17:00+00:00,/api/normal,45.92307692307692,45.92307692307692,71.0,18.061695714162774,0.21666666666666667,0.0,0,13,none
2026-03-09 21:17:00+00:00,/api/validate,27.0,27.0,27.0,0.0,0.016666666666666666,0.0,0,1,none
2026-03-09 21:18:00+00:00,/api/db,39.0,39.0,39.0,0.0,0.016666666666666666,1.0,1,1,DATABASE_ERROR
2026-03-09 21:18:00+00:00,/api/normal,40.42857142857143,40.42857142857143,78.0,21.552972236907323,0.23333333333333334,0.0,0,14,none
2026-03-09 21:18:00+00:00,/api/slow,2442.0,2442.0,2977.0,357.8463357364443,0.08333333333333333,0.0,0,5,none
2026-03-09 21:19:00+00:00,/api/db,27.0,27.0,27.0,0.0,0.016666666666666666,0.0,0,1,none
2026-03-09 21:19:00+00:00,/api/error,45.0,45.0,45.0,0.0,0.016666666666666666,1.0,1,1,SYSTEM_ERROR
2026-03-09 21:19:00+00:00,/api/normal,42.09090909090909,42.09090909090909,64.0,15.911428399707184,0.18333333333333332,0.0,0,11,none
2026-03-09 21:19:00+00:00,/api/slow,2175.8,2175.8,2874.0,385.2933427922159,0.08333333333333333,0.0,0,5,none
2026-03-09 21:19:00+00:00,/api/validate,18.0,18.0,18.0,0.0,0.016666666666666666,0.0,0,1,none
2026-03-09 21:20:00+00:00,/api/db,50.0,50.0,58.0,8.0,0.03333333333333333,1.0,2,2,DATABASE_ERROR
2026-03-09 21:20:00+00:00,/api/normal,42.8125,42.8125,78.0,21.10751865449845,0.26666666666666666,0.0,0,16,none
2026-03-09 21:20:00+00:00,/api/slow,1707.0,1707.0,1770.0,63.0,0.03333333333333333,0.0,0,2,none
2026-03-09 21:21:00+00:00,/api/db,59.0,59.0,60.0,1.0,0.03333333333333333,0.0,0,2,none
2026-03-09 21:21:00+00:00,/api/normal,47.06666666666667,47.06666666666667,73.0,21.06329086876555,0.25,0.0,0,15,none
2026-03-09 21:21:00+00:00,/api/slow,2297.3333333333335,2297.3333333333335,2808.0,491.2903644711773,0.05,0.0,0,3,none
2026-03-09 21:22:00+00:00,/api/db,13.0,13.0,13.0,0.0,0.016666666666666666,0.0,0,1,none
2026-03-09 21:22:00+00:00,/api/error,36.5,36.5,46.0,9.5,0.03333333333333333,1.0,2,2,SYSTEM_ERROR
2026-03-09 21:22:00+00:00,/api/normal,52.714285714285715,52.714285714285715,75.0,18.405855323893036,0.23333333333333334,0.0,0,14,none
2026-03-09 21:22:00+00:00,/api/slow,1507.0,1507.0,1507.0,0.0,0.016666666666666666,0.0,0,1,none
2026-03-09 21:22:00+00:00,/api/validate,75.0,75.0,75.0,0.0,0.016666666666666666,0.0,0,1,none
2026-03-09 21:23:00+00:00,/api/error,34.5,34.5,35.0,0.5,0.03333333333333333,1.0,2,2,SYSTEM_ERROR
2026-03-09 21:23:00+00:00,/api/normal,52.75,52.75,80.0,17.537459907295585,0.26666666666666666,0.0,0,16,none
2026-03-09 21:23:00+00:00,/api/slow,1720.5,1720.5,2373.0,652.5,0.03333333333333333,0.0,0,2,none
2026-03-09 21:24:00+00:00,/api/error,25.5,25.5,33.0,7.5,0.03333333333333333,1.0,2,2,SYSTEM_ERROR
2026-03-09 21:24:00+00:00,/api/normal,44.4,44.4,71.0,19.87058126980688,0.16666666666666666,0.0,0,10,none
2026-03-09 21:24:00+00:00,/api/slow,1990.3333333333333,1990.3333333333333,2748.0,521.8325614813839,0.1,0.0,0,6,none
2026-03-09 21:25:00+00:00,/api/db,60.0,60.0,60.0,0.0,0.016666666666666666,0.0,0,1,none
2026-03-09 21:25:00+00:00,/api/error,36.0,36.0,36.0,0.0,0.016666666666666666,1.0,1,1,SYSTEM_ERROR
2026-03-09 21:25:00+00:00,/api/normal,52.2,52.2,79.0,17.851984016722998,0.25,0.0,0,15,none
2026-03-09 21:25:00+00:00,/api/slow,2300.0,2300.0,2480.0,180.0,0.03333333333333333,0.0,0,2,none
2026-03-09 21:26:00+00:00,/api/db,64.0,64.0,64.0,0.0,0.016666666666666666,0.0,0,1,none
2026-03-09 21:26:00+00:00,/api/error,27.0,27.0,27.0,0.0,0.016666666666666666,1.0,1,1,SYSTEM_ERROR
2026-03-09 21:26:00+00:00,/api/normal,48.266666666666666,48.266666666666666,79.0,20.579817513498238,0.25,0.0,0,15,none
2026-03-09 21:26:00+00:00,/api/slow,2012.5,2012.5,2861.0,848.5,0.03333333333333333,0.0,0,2,none
2026-03-09 21:26:00+00:00,/api/validate,63.0,63.0,63.0,0.0,0.016666666666666666,0.0,0,1,none
2026-03-09 21:27:00+00:00,/api/db,22.0,22.0,22.0,0.0,0.016666666666666666,0.0,0,1,none
2026-03-09 21:27:00+00:00,/api/error,29.5,29.5,34.0,4.5,0.03333333333333333,1.0,2,2,SYSTEM_ERROR
2026-03-09 21:27:00+00:00,/api/normal,43.0,43.0,65.0,19.202272592775905,0.18333333333333332,0.0,0,11,none
2026-03-09 21:27:00+00:00,/api/slow,1769.8,1769.8,2430.0,525.864393166147,0.08333333333333333,0.0,0,5,none
2026-03-09 21:28:00+00:00,/api/error,37.0,37.0,37.0,0.0,0.016666666666666666,1.0,1,1,SYSTEM_ERROR
2026-03-09 21:28:00+00:00,/api/normal,43.1875,43.1875,60.0,13.267529677750867,0.26666666666666666,0.0,0,16,none
2026-03-09 21:28:00+00:00,/api/slow,2504.0,2504.0,2987.0,483.0,0.03333333333333333,0.0,0,2,none
2026-03-09 21:29:00+00:00,/api/db,67.0,67.0,67.0,0.0,0.016666666666666666,0.0,0,1,none
2026-03-09 21:29:00+00:00,/api/error,15.5,15.5,21.0,5.5,0.03333333333333333,1.0,2,2,SYSTEM_ERROR
2026-03-09 21:29:00+00:00,/api/normal,45.0,45.0,73.0,18.997975600654847,0.21666666666666667,0.0,0,13,none
2026-03-09 21:29:00+00:00,/api/slow,2702.3333333333335,2702.3333333333335,2860.0,111.70297917045703,0.05,0.0,0,3,none
2026-03-09 21:29:00+00:00,/api/validate,23.0,23.0,23.0,0.0,0.016666666666666666,1.0,1,1,VALIDATION_ERROR
2026-03-09 21:30:00+00:00,/api/db,79.0,79.0,79.0,0.0,0.016666666666666666,0.0,0,1,none
2026-03-09 21:30:00+00:00,/api/error,27.5,27.5,35.0,7.5,0.03333333333333333,1.0,2,2,SYSTEM_ERROR
2026-03-09 21:30:00+00:00,/api/normal,41.0,41.0,77.0,22.094494035090886,0.2,0.0,0,12,none
2026-03-09 21:30:00+00:00,/api/slow,1419.75,1419.75,2148.0,424.010244569633,0.06666666666666667,0.0,0,4,none
2026-03-09 21:30:00+00:00,/api/validate,76.0,76.0,76.0,0.0,0.016666666666666666,0.0,0,1,none
2026-03-09 21:31:00+00:00,/api/normal,48.470588235294116,48.470588235294116,77.0,20.697023505975938,0.2833333333333333,0.0,0,17,none
2026-03-09 21:31:00+00:00,/api/slow,2106.3333333333335,2106.3333333333335,2595.0,394.4492644462938,0.05,0.0,0,3,none
2026-03-09 21:32:00+00:00,/api/error,43.666666666666664,43.666666666666664,46.0,1.699673171197595,0.05,1.0,3,3,SYSTEM_ERROR
2026-03-09 21:32:00+00:00,/api/normal,50.833333333333336,50.833333333333336,76.0,19.684314116123584,0.2,0.0,0,12,none
2026-03-09 21:32:00+00:00,/api/slow,1919.5,1919.5,2167.0,191.01112533043724,0.06666666666666667,0.0,0,4,none
2026-03-09 21:33:00+00:00,/api/db,53.0,53.0,75.0,22.0,0.03333333333333333,0.0,0,2,none
2026-03-09 21:33:00+00:00,/api/error,14.0,14.0,14.0,0.0,0.016666666666666666,1.0,1,1,SYSTEM_ERROR
2026-03-09 21:33:00+00:00,/api/normal,49.0,49.0,77.0,21.76447352205671,0.21666666666666667,0.0,0,13,none
2026-03-09 21:33:00+00:00,/api/slow,2015.5,2015.5,2790.0,757.1078192701486,0.06666666666666667,0.0,0,4,none
2026-03-09 21:34:00+00:00,/api/normal,43.93333333333333,43.93333333333333,80.0,19.146685236759797,0.25,0.0,0,15,none
2026-03-09 21:34:00+00:00,/api/slow,2429.3333333333335,2429.3333333333335,2944.0,585.6650540672165,0.05,0.0,0,3,none
2026-03-09 21:35:00+00:00,/api/normal,37.6875,37.6875,75.0,20.30923050610239,0.26666666666666666,0.0,0,16,none
2026-03-09 21:35:00+00:00,/api/slow,1856.25,1856.25,2478.0,618.9896505596843,0.06666666666666667,0.0,0,4,none
2026-03-09 21:36:00+00:00,/api/error,31.0,31.0,31.0,0.0,0.016666666666666666,1.0,1,1,SYSTEM_ERROR
2026-03-09 21:36:00+00:00,/api/normal,42.857142857142854,42.857142857142854,80.0,23.639727889590386,0.23333333333333334,0.0,0,14,none
2026-03-09 21:36:00+00:00,/api/slow,2115.2,2115.2,2673.0,587.7116299683034,0.08333333333333333,0.0,0,5,none
2026-03-09 21:37:00+00:00,/api/error,33.0,33.0,34.0,1.0,0.03333333333333333,1.0,2,2,SYSTEM_ERROR
2026-03-09 21:37:00+00:00,/api/normal,46.93333333333333,46.93333333333333,80.0,22.314320264997743,0.25,0.0,0,15,none
2026-03-09 21:37:00+00:00,/api/slow,1239.5,1239.5,1425.0,185.5,0.03333333333333333,0.0,0,2,none
2026-03-09 21:38:00+00:00,/api/db,16.0,16.0,16.0,0.0,0.016666666666666666,0.0,0,1,none
2026-03-09 21:38:00+00:00,/api/normal,43.92857142857143,43.92857142857143,80.0,19.75371316166835,0.23333333333333334,0.0,0,14,none
2026-03-09 21:38:00+00:00,/api/slow,1747.75,1747.75,2176.0,423.95304869761225,0.06666666666666667,0.0,0,4,none
2026-03-09 21:38:00+00:00,/api/validate,57.0,57.0,57.0,0.0,0.016666666666666666,0.0,0,1,none
2026-03-09 21:39:00+00:00,/api/db,77.0,77.0,77.0,0.0,0.016666666666666666,0.0,0,1,none
2026-03-09 21:39:00+00:00,/api/error,28.0,28.0,28.0,0.0,0.016666666666666666,1.0,1,1,SYSTEM_ERROR
2026-03-09 21:39:00+00:00,/api/normal,48.0,48.0,74.0,18.593905811672094,0.25,0.0,0,15,none
2026-03-09 21:39:00+00:00,/api/slow,2248.0,2248.0,2899.0,730.3793534869396,0.05,0.0,0,3,none
2026-03-09 21:40:00+00:00,/api/db,49.0,49.0,49.0,0.0,0.016666666666666666,0.0,0,1,none
2026-03-09 21:40:00+00:00,/api/normal,45.375,45.375,79.0,19.773324834230586,0.26666666666666666,0.0,0,16,none
2026-03-09 21:40:00+00:00,/api/slow,2102.5,2102.5,2456.0,353.5,0.03333333333333333,0.0,0,2,none
2026-03-09 21:40:00+00:00,/api/validate,39.0,39.0,39.0,0.0,0.016666666666666666,0.0,0,1,none
2026-03-09 21:41:00+00:00,/api/db,27.0,27.0,27.0,0.0,0.016666666666666666,0.0,0,1,none
2026-03-09 21:41:00+00:00,/api/error,24.5,24.5,28.0,3.5,0.03333333333333333,1.0,2,2,SYSTEM_ERROR
2026-03-09 21:41:00+00:00,/api/normal,48.7,48.7,78.0,25.872958856690513,0.16666666666666666,0.0,0,10,none
2026-03-09 21:41:00+00:00,/api/slow,2246.0,2246.0,2619.0,344.012596668591,0.05,0.0,0,3,none
2026-03-09 21:41:00+00:00,/api/validate,14.0,14.0,14.0,0.0,0.016666666666666666,1.0,1,1,VALIDATION_ERROR
2026-03-09 21:42:00+00:00,/api/error,40.0,40.0,45.0,5.0,0.03333333333333333,1.0,2,2,SYSTEM_ERROR
2026-03-09 21:42:00+00:00,/api/normal,45.15384615384615,45.15384615384615,76.0,18.793804846058073,0.21666666666666667,0.0,0,13,none
2026-03-09 21:42:00+00:00,/api/slow,1929.6,1929.6,2596.0,402.93255018675274,0.08333333333333333,0.0,0,5,none
2026-03-09 21:43:00+00:00,/api/error,43.0,43.0,49.0,6.0,0.03333333333333333,1.0,2,2,SYSTEM_ERROR
2026-03-09 21:43:00+00:00,/api/normal,40.46153846153846,40.46153846153846,78.0,18.537344364678415,0.21666666666666667,0.0,0,13,none
2026-03-09 21:43:00+00:00,/api/slow,1772.6666666666667,1772.6666666666667,2164.0,384.52163643791084,0.05,0.0,0,3,none
2026-03-09 21:44:00+00:00,/api/db,13.0,13.0,13.0,0.0,0.016666666666666666,0.0,0,1,none
2026-03-09 21:44:00+00:00,/api/normal,44.76470588235294,44.76470588235294,80.0,23.21138009877839,0.2833333333333333,0.0,0,17,none
2026-03-09 21:44:00+00:00,/api/slow,2113.0,2113.0,2113.0,0.0,0.016666666666666666,0.0,0,1,none
2026-03-09 21:45:00+00:00,/api/db,49.0,49.0,49.0,0.0,0.016666666666666666,0.0,0,1,none
2026-03-09 21:45:00+00:00,/api/error,10.0,10.0,10.0,0.0,0.016666666666666666,1.0,1,1,SYSTEM_ERROR
2026-03-09 21:45:00+00:00,/api/normal,39.0,39.0,73.0,17.755280904564703,0.26666666666666666,0.0,0,16,none
2026-03-09 21:45:00+00:00,/api/validate,36.5,36.5,58.0,21.5,0.03333333333333333,0.5,1,2,VALIDATION_ERROR
2026-03-09 21:46:00+00:00,/api/error,30.0,30.0,30.0,0.0,0.016666666666666666,1.0,1,1,SYSTEM_ERROR
2026-03-09 21:46:00+00:00,/api/normal,43.588235294117645,43.588235294117645,80.0,20.756455618120103,0.2833333333333333,0.0,0,17,none
2026-03-09 21:46:00+00:00,/api/validate,65.0,65.0,65.0,0.0,0.016666666666666666,0.0,0,1,none
2026-03-09 21:47:00+00:00,/api/error,50.0,50.0,50.0,0.0,0.016666666666666666,1.0,1,1,SYSTEM_ERROR
2026-03-09 21:47:00+00:00,/api/normal,40.13333333333333,40.13333333333333,70.0,16.45140993619966,0.25,0.0,0,15,none
2026-03-09 21:47:00+00:00,/api/slow,2245.75,2245.75,2798.0,661.549081701426,0.06666666666666667,0.0,0,4,none
2026-03-09 21:48:00+00:00,/api/normal,37.666666666666664,37.666666666666664,67.0,18.455953571198165,0.25,0.0,0,15,none
2026-03-09 21:48:00+00:00,/api/slow,1806.0,1806.0,2032.0,226.0,0.03333333333333333,0.0,0,2,none
2026-03-09 21:49:00+00:00,/api/db,15.0,15.0,15.0,0.0,0.016666666666666666,0.0,0,1,none
2026-03-09 21:49:00+00:00,/api/error,33.666666666666664,33.666666666666664,44.0,8.576453553512405,0.05,1.0,3,3,SYSTEM_ERROR
2026-03-09 21:49:00+00:00,/api/normal,50.90909090909091,50.90909090909091,80.0,16.194581279240207,0.18333333333333332,0.0,0,11,none
2026-03-09 21:49:00+00:00,/api/slow,1842.25,1842.25,2614.0,586.3567067067622,0.06666666666666667,0.0,0,4,none
2026-03-09 21:50:00+00:00,/api/db,62.0,62.0,62.0,0.0,0.016666666666666666,1.0,1,1,DATABASE_ERROR
2026-03-09 21:50:00+00:00,/api/error,35.5,35.5,36.0,0.5,0.03333333333333333,1.0,2,2,SYSTEM_ERROR
2026-03-09 21:50:00+00:00,/api/normal,46.0,46.0,78.0,21.748563170931547,0.16666666666666666,0.0,0,10,none
2026-03-09 21:50:00+00:00,/api/slow,2249.714285714286,2249.714285714286,2921.0,513.5845219868778,0.11666666666666667,0.0,0,7,none
2026-03-09 21:51:00+00:00,/api/error,37.0,37.0,46.0,9.0,0.03333333333333333,1.0,2,2,SYSTEM_ERROR
2026-03-09 21:51:00+00:00,/api/normal,43.35294117647059,43.35294117647059,75.0,18.045501888512398,0.2833333333333333,0.0,0,17,none
2026-03-09 21:51:00+00:00,/api/slow,1556.0,1556.0,1556.0,0.0,0.016666666666666666,0.0,0,1,none
2026-03-09 21:52:00+00:00,/api/db,64.0,64.0,64.0,0.0,0.016666666666666666,0.0,0,1,none
2026-03-09 21:52:00+00:00,/api/error,24.285714285714285,24.285714285714285,46.0,15.470841566492437,0.11666666666666667,1.0,7,7,SYSTEM_ERROR
2026-03-09 21:52:00+00:00,/api/normal,47.375,47.375,79.0,27.56327946743638,0.13333333333333333,0.0,0,8,none
2026-03-09 21:52:00+00:00,/api/slow,2428.0,2428.0,2773.0,353.010859134201,0.05,0.0,0,3,none
2026-03-09 21:52:00+00:00,/api/validate,61.0,61.0,61.0,0.0,0.016666666666666666,1.0,1,1,VALIDATION_ERROR
2026-03-09 21:53:00+00:00,/api/db,60.0,60.0,60.0,0.0,0.016666666666666666,0.0,0,1,none
2026-03-09 21:53:00+00:00,/api/error,30.7,30.7,50.0,12.066896867049126,0.16666666666666666,1.0,10,10,SYSTEM_ERROR
2026-03-09 21:53:00+00:00,/api/normal,49.57142857142857,49.57142857142857,71.0,19.84840506623818,0.11666666666666667,0.0,0,7,none
2026-03-09 21:53:00+00:00,/api/slow,1969.5,1969.5,2559.0,589.5,0.03333333333333333,0.0,0,2,none
2026-03-09 21:54:00+00:00,/api/db,73.0,73.0,73.0,0.0,0.016666666666666666,1.0,1,1,DATABASE_ERROR
2026-03-09 21:54:00+00:00,/api/error,28.285714285714285,28.285714285714285,47.0,14.944796377853738,0.11666666666666667,1.0,7,7,SYSTEM_ERROR
2026-03-09 21:54:00+00:00,/api/normal,48.44444444444444,48.44444444444444,62.0,12.80721247415005,0.15,0.0,0,9,none
2026-03-09 21:55:00+00:00,/api/error,25.0,25.0,37.0,9.539392014169456,0.13333333333333333,1.0,8,8,SYSTEM_ERROR
2026-03-09 21:55:00+00:00,/api/normal,32.166666666666664,32.166666666666664,80.0,21.007273872531762,0.2,0.0,0,12,none
2026-03-09 21:56:00+00:00,/api/db,41.0,41.0,41.0,0.0,0.016666666666666666,0.0,0,1,none
2026-03-09 21:56:00+00:00,/api/error,30.833333333333332,30.833333333333332,47.0,9.414822828332401,0.2,1.0,12,12,SYSTEM_ERROR
2026-03-09 21:56:00+00:00,/api/normal,51.4,51.4,65.0,11.825396399275586,0.08333333333333333,0.0,0,5,none
2026-03-09 21:56:00+00:00,/api/slow,2398.0,2398.0,2398.0,0.0,0.016666666666666666,0.0,0,1,none
2026-03-09 21:57:00+00:00,/api/db,57.5,57.5,68.0,10.5,0.03333333333333333,0.0,0,2,none
2026-03-09 21:57:00+00:00,/api/error,25.8,25.8,49.0,12.351518125315609,0.08333333333333333,1.0,5,5,SYSTEM_ERROR
2026-03-09 21:57:00+00:00,/api/normal,49.44444444444444,49.44444444444444,79.0,19.653165484986047,0.15,0.0,0,9,none
2026-03-09 21:57:00+00:00,/api/slow,1371.0,1371.0,1371.0,0.0,0.016666666666666666,0.0,0,1,none
2026-03-09 21:57:00+00:00,/api/validate,54.333333333333336,54.333333333333336,65.0,11.728408057172787,0.05,0.6666666666666666,2,3,VALIDATION_ERROR
2026-03-09 21:58:00+00:00,/api/error,33.166666666666664,33.166666666666664,47.0,12.772583485297282,0.1,1.0,6,6,SYSTEM_ERROR
2026-03-09 21:58:00+00:00,/api/normal,44.7,44.7,80.0,21.15206845677273,0.16666666666666666,0.0,0,10,none
2026-03-09 21:58:00+00:00,/api/validate,34.0,34.0,34.0,0.0,0.016666666666666666,1.0,1,1,VALIDATION_ERROR
2026-03-09 21:59:00+00:00,/api/error,37.0,37.0,50.0,10.331989159885913,0.13333333333333333,1.0,8,8,SYSTEM_ERROR
2026-03-09 21:59:00+00:00,/api/normal,41.75,41.75,73.0,18.934646374657575,0.2,0.0,0,12,none
2026-03-09 22:00:00+00:00,/api/error,29.142857142857142,29.142857142857142,43.0,9.046365827992894,0.11666666666666667,1.0,7,7,SYSTEM_ERROR
2026-03-09 22:00:00+00:00,/api/normal,57.22222222222222,57.22222222222222,71.0,15.504678704455474,0.15,0.0,0,9,none
2026-03-09 22:00:00+00:00,/api/slow,2615.6666666666665,2615.6666666666665,2906.0,229.08562203294693,0.05,0.0,0,3,none
2026-03-09 22:00:00+00:00,/api/validate,49.0,49.0,49.0,0.0,0.016666666666666666,1.0,1,1,VALIDATION_ERROR
2026-03-09 22:01:00+00:00,/api/error,35.4,35.4,48.0,7.761443164772903,0.08333333333333333,1.0,5,5,SYSTEM_ERROR
2026-03-09 22:01:00+00:00,/api/normal,49.888888888888886,49.888888888888886,73.0,17.495678478758656,0.15,0.0,0,9,none
2026-03-09 22:01:00+00:00,/api/slow,1960.6666666666667,1960.6666666666667,2613.0,479.07190367301746,0.1,0.0,0,6,none
2026-03-09 22:02:00+00:00,/api/db,20.0,20.0,20.0,0.0,0.016666666666666666,0.0,0,1,none
2026-03-09 22:02:00+00:00,/api/error,25.0,25.0,48.0,14.089002803605371,0.06666666666666667,1.0,4,4,SYSTEM_ERROR
2026-03-09 22:02:00+00:00,/api/normal,46.84615384615385,46.84615384615385,77.0,21.266970251275545,0.21666666666666667,0.0,0,13,none
2026-03-09 22:02:00+00:00,/api/slow,1914.0,1914.0,2530.0,616.0,0.03333333333333333,0.0,0,2,none
2026-03-09 22:03:00+00:00,/api/error,32.6,32.6,46.0,10.26839812239475,0.08333333333333333,1.0,5,5,SYSTEM_ERROR
2026-03-09 22:03:00+00:00,/api/normal,42.06666666666667,42.06666666666667,74.0,16.82643422977337,0.25,0.0,0,15,none
2026-03-09 22:04:00+00:00,/api/error,30.88888888888889,30.88888888888889,47.0,12.818774810968518,0.15,1.0,9,9,SYSTEM_ERROR
2026-03-09 22:04:00+00:00,/api/normal,43.0,43.0,62.0,14.247806848775006,0.13333333333333333,0.0,0,8,none
2026-03-09 22:04:00+00:00,/api/slow,1889.6666666666667,1889.6666666666667,2668.0,655.6850531229828,0.05,0.0,0,3,none
2026-03-09 22:05:00+00:00,/api/error,25.1,25.1,46.0,10.765221781273251,0.16666666666666666,1.0,10,10,SYSTEM_ERROR
2026-03-09 22:05:00+00:00,/api/normal,52.9,52.9,80.0,19.91707809895819,0.16666666666666666,0.0,0,10,none
2026-03-09 22:06:00+00:00,/api/error,31.714285714285715,31.714285714285715,49.0,12.29069666413568,0.11666666666666667,1.0,7,7,SYSTEM_ERROR
2026-03-09 22:06:00+00:00,/api/normal,27.636363636363637,27.636363636363637,58.0,15.13138056113686,0.18333333333333332,0.0,0,11,none
2026-03-09 22:06:00+00:00,/api/slow,2029.5,2029.5,2986.0,956.5,0.03333333333333333,0.0,0,2,none
2026-03-09 22:07:00+00:00,/api/db,78.0,78.0,78.0,0.0,0.016666666666666666,0.0,0,1,none
2026-03-09 22:07:00+00:00,/api/error,26.333333333333332,26.333333333333332,32.0,4.9216076867444665,0.05,1.0,3,3,SYSTEM_ERROR
2026-03-09 22:07:00+00:00,/api/normal,37.92307692307692,37.92307692307692,78.0,19.835715800085843,0.21666666666666667,0.0,0,13,none
2026-03-09 22:07:00+00:00,/api/slow,2051.5,2051.5,2532.0,480.5,0.03333333333333333,0.0,0,2,none
2026-03-09 22:07:00+00:00,/api/validate,69.0,69.0,69.0,0.0,0.016666666666666666,0.0,0,1,none
2026-03-09 22:08:00+00:00,/api/db,69.0,69.0,74.0,5.0,0.03333333333333333,0.0,0,2,none
2026-03-09 22:08:00+00:00,/api/normal,49.214285714285715,49.214285714285715,80.0,23.443483929985966,0.23333333333333334,0.0,0,14,none
2026-03-09 22:08:00+00:00,/api/slow,1803.5,1803.5,2194.0,452.3905945087718,0.06666666666666667,0.0,0,4,none
2026-03-09 22:09:00+00:00,/api/db,35.5,35.5,61.0,25.5,0.03333333333333333,0.0,0,2,none
2026-03-09 22:09:00+00:00,/api/error,28.0,28.0,30.0,2.0,0.03333333333333333,1.0,2,2,SYSTEM_ERROR
2026-03-09 22:09:00+00:00,/api/normal,52.0,52.0,71.0,16.242480777830146,0.18333333333333332,0.0,0,11,none
2026-03-09 22:09:00+00:00,/api/slow,1976.8,1976.8,2248.0,208.0378811659069,0.08333333333333333,0.0,0,5,none
2026-03-09 22:10:00+00:00,/api/error,23.333333333333332,23.333333333333332,31.0,9.46337971105226,0.05,1.0,3,3,SYSTEM_ERROR
2026-03-09 22:10:00+00:00,/api/normal,48.0,48.0,80.0,22.866069685390684,0.23333333333333334,0.0,0,14,none
2026-03-09 22:10:00+00:00,/api/slow,1242.0,1242.0,1464.0,222.0,0.03333333333333333,0.0,0,2,none
2026-03-09 22:11:00+00:00,/api/error,30.0,30.0,30.0,0.0,0.016666666666666666,1.0,1,1,SYSTEM_ERROR
2026-03-09 22:11:00+00:00,/api/normal,41.2,41.2,71.0,19.973983077994234,0.25,0.0,0,15,none
2026-03-09 22:11:00+00:00,/api/slow,2237.75,2237.75,2999.0,583.6785823550492,0.06666666666666667,0.0,0,4,none
2026-03-09 22:12:00+00:00,/api/db,40.666666666666664,40.666666666666664,70.0,21.139746660943903,0.05,0.0,0,3,none
2026-03-09 22:12:00+00:00,/api/error,15.0,15.0,15.0,0.0,0.016666666666666666,1.0,1,1,SYSTEM_ERROR
2026-03-09 22:12:00+00:00,/api/normal,41.27272727272727,41.27272727272727,80.0,21.57477866352666,0.18333333333333332,0.0,0,11,none
2026-03-09 22:13:00+00:00,/api/db,55.5,55.5,60.0,4.5,0.03333333333333333,0.0,0,2,none
2026-03-09 22:13:00+00:00,/api/normal,44.93333333333333,44.93333333333333,79.0,21.230376560223533,0.25,0.0,0,15,none
2026-03-09 22:13:00+00:00,/api/slow,1117.0,1117.0,1117.0,0.0,0.016666666666666666,0.0,0,1,none
2026-03-09 22:13:00+00:00,/api/validate,29.0,29.0,29.0,0.0,0.016666666666666666,1.0,1,1,VALIDATION_ERROR
2026-03-09 22:14:00+00:00,/api/error,30.0,30.0,37.0,7.0,0.03333333333333333,1.0,2,2,SYSTEM_ERROR
2026-03-09 22:14:00+00:00,/api/normal,46.76923076923077,46.76923076923077,79.0,19.7061249601931,0.21666666666666667,0.0,0,13,none
2026-03-09 22:14:00+00:00,/api/slow,1643.6666666666667,1643.6666666666667,2286.0,462.4473543610727,0.05,0.0,0,3,none
2026-03-09 22:14:00+00:00,/api/validate,72.0,72.0,72.0,0.0,0.016666666666666666,0.0,0,1,none
2026-03-09 22:15:00+00:00,/api/error,24.0,24.0,24.0,0.0,0.016666666666666666,1.0,1,1,SYSTEM_ERROR
2026-03-09 22:15:00+00:00,/api/normal,41.94444444444444,41.94444444444444,75.0,22.75832502678287,0.3,0.0,0,18,none
2026-03-09 22:15:00+00:00,/api/slow,1447.0,1447.0,1447.0,0.0,0.016666666666666666,0.0,0,1,none
2026-03-09 22:16:00+00:00,/api/error,23.0,23.0,23.0,0.0,0.016666666666666666,1.0,1,1,SYSTEM_ERROR
2026-03-09 22:16:00+00:00,/api/normal,50.57142857142857,50.57142857142857,77.0,17.120223153228068,0.23333333333333334,0.0,0,14,none
2026-03-09 22:16:00+00:00,/api/slow,2082.3333333333335,2082.3333333333335,2713.0,447.81345322454183,0.05,0.0,0,3,none
2026-03-09 22:17:00+00:00,/api/error,25.0,25.0,25.0,0.0,0.016666666666666666,1.0,1,1,SYSTEM_ERROR
2026-03-09 22:17:00+00:00,/api/normal,49.642857142857146,49.642857142857146,72.0,19.374530935730853,0.23333333333333334,0.0,0,14,none
2026-03-09 22:17:00+00:00,/api/slow,1995.8,1995.8,2960.0,491.8781963047356,0.08333333333333333,0.0,0,5,none
2026-03-09 22:18:00+00:00,/api/db,41.0,41.0,41.0,0.0,0.016666666666666666,0.0,0,1,none
2026-03-09 22:18:00+00:00,/api/normal,40.92857142857143,40.92857142857143,75.0,19.83670582428402,0.23333333333333334,0.0,0,14,none
2026-03-09 22:18:00+00:00,/api/slow,2206.0,2206.0,2429.0,259.55474695460043,0.05,0.0,0,3,none
2026-03-09 22:19:00+00:00,/api/db,77.5,77.5,78.0,0.5,0.03333333333333333,0.0,0,2,none
2026-03-09 22:19:00+00:00,/api/error,29.5,29.5,36.0,6.5,0.03333333333333333,1.0,2,2,SYSTEM_ERROR
2026-03-09 22:19:00+00:00,/api/normal,47.09090909090909,47.09090909090909,70.0,17.249266363606445,0.18333333333333332,0.0,0,11,none
2026-03-09 22:19:00+00:00,/api/slow,2293.0,2293.0,2756.0,431.1420879478133,0.06666666666666667,0.0,0,4,none
2026-03-22 18:38:00+00:00,/api/normal,15.695652173913043,15.695652173913043,72.0,12.03052199022461,0.38333333333333336,0.0,0,23,none
2026-03-22 18:38:00+00:00,/api/slow,3598.4285714285716,3598.4285714285716,7023.0,2255.6815160923798,0.11666666666666667,0.0,0,7,none
2026-03-22 18:39:00+00:00,/api/db,295.0,295.0,295.0,0.0,0.016666666666666666,0.0,0,1,none
2026-03-22 18:39:00+00:00,/api/error,30.0,30.0,67.0,21.965882636488796,0.06666666666666667,1.0,4,4,SYSTEM_ERROR
2026-03-22 18:39:00+00:00,/api/normal,13.782608695652174,13.782608695652174,21.0,1.743472839631602,0.7666666666666667,0.0,0,46,none
2026-03-22 18:39:00+00:00,/api/slow,3933.7272727272725,3933.7272727272725,7029.0,2540.3057829864456,0.18333333333333332,0.0,0,11,none
2026-03-22 18:39:00+00:00,/api/validate,982.0,982.0,982.0,0.0,0.016666666666666666,0.0,0,1,none
2026-03-22 18:40:00+00:00,/api/db,24.0,24.0,24.0,0.0,0.016666666666666666,0.0,0,1,none
2026-03-22 18:40:00+00:00,/api/error,19.0,19.0,19.0,0.0,0.016666666666666666,1.0,1,1,SYSTEM_ERROR
2026-03-22 18:40:00+00:00,/api/normal,14.0,14.0,19.0,1.933683126777138,0.38333333333333336,0.0,0,23,none
2026-03-22 18:40:00+00:00,/api/slow,3440.75,3440.75,6040.0,1850.8182481000126,0.2,0.0,0,12,none
2026-03-22 18:41:00+00:00,/api/db,21.75,21.75,23.0,1.299038105676658,0.06666666666666667,0.0,0,4,none
2026-03-22 18:41:00+00:00,/api/error,16.0,16.0,24.0,3.1937438845342623,0.16666666666666666,1.0,10,10,SYSTEM_ERROR
2026-03-22 18:41:00+00:00,/api/normal,15.292307692307693,15.292307692307693,25.0,2.3252664159888097,1.0833333333333333,0.0,0,65,none
2026-03-22 18:41:00+00:00,/api/slow,2594.3571428571427,2594.3571428571427,7037.0,1637.2134256169559,0.23333333333333334,0.0,0,14,none
2026-03-22 18:42:00+00:00,/api/db,20.5,20.5,22.0,1.118033988749895,0.06666666666666667,0.0,0,4,none
2026-03-22 18:42:00+00:00,/api/error,15.0,15.0,16.0,0.816496580927726,0.05,1.0,3,3,SYSTEM_ERROR
2026-03-22 18:42:00+00:00,/api/normal,14.145833333333334,14.145833333333334,18.0,1.4287171304666606,0.8,0.0,0,48,none
2026-03-22 18:42:00+00:00,/api/slow,2718.769230769231,2718.769230769231,7033.0,2014.7462964485765,0.21666666666666667,0.0,0,13,none
2026-03-22 18:42:00+00:00,/api/validate,31.0,31.0,35.0,4.0,0.03333333333333333,0.0,0,2,none
2026-03-22 18:43:00+00:00,/api/db,20.5,20.5,21.0,0.5,0.03333333333333333,0.0,0,2,none
2026-03-22 18:43:00+00:00,/api/error,14.4,14.4,15.0,0.48989794855663565,0.08333333333333333,1.0,5,5,SYSTEM_ERROR
2026-03-22 18:43:00+00:00,/api/normal,13.904109589041095,13.904109589041095,21.0,1.5890410958904109,1.2166666666666666,0.0,0,73,none
2026-03-22 18:43:00+00:00,/api/slow,2869.4615384615386,2869.4615384615386,7022.0,1747.3926341127453,0.21666666666666667,0.0,0,13,none
2026-03-22 18:44:00+00:00,/api/error,14.0,14.0,15.0,1.0,0.03333333333333333,1.0,2,2,SYSTEM_ERROR
2026-03-22 18:44:00+00:00,/api/normal,13.46938775510204,13.46938775510204,20.0,1.3865541021602474,0.8166666666666667,0.0,0,49,none
2026-03-22 18:44:00+00:00,/api/slow,3177.4615384615386,3177.4615384615386,7031.0,1748.4649362043533,0.21666666666666667,0.0,0,13,none
2026-03-22 18:45:00+00:00,/api/db,20.25,20.25,22.0,1.299038105676658,0.06666666666666667,0.0,0,4,none
2026-03-22 18:45:00+00:00,/api/error,15.5,15.5,17.0,1.118033988749895,0.06666666666666667,1.0,4,4,SYSTEM_ERROR
2026-03-22 18:45:00+00:00,/api/normal,13.568965517241379,13.568965517241379,26.0,1.8579936246273203,0.9666666666666667,0.0,0,58,none
2026-03-22 18:45:00+00:00,/api/slow,3204.090909090909,3204.090909090909,6023.0,1642.7655979832775,0.18333333333333332,0.0,0,11,none
2026-03-22 18:45:00+00:00,/api/validate,34.0,34.0,34.0,0.0,0.016666666666666666,0.0,0,1,none
2026-03-22 18:46:00+00:00,/api/db,19.333333333333332,19.333333333333332,20.0,0.4714045207910317,0.05,0.0,0,3,none
2026-03-22 18:46:00+00:00,/api/error,14.5,14.5,15.0,0.5,0.03333333333333333,1.0,2,2,SYSTEM_ERROR
2026-03-22 18:46:00+00:00,/api/normal,13.479166666666666,13.479166666666666,20.0,1.5810015724920143,0.8,0.0,0,48,none
2026-03-22 18:46:00+00:00,/api/slow,4224.5,4224.5,7026.0,1778.7193848384293,0.16666666666666666,0.0,0,10,none
2026-03-22 18:46:00+00:00,/api/validate,122.5,122.5,217.0,94.5,0.03333333333333333,0.5,1,2,VALIDATION_ERROR
2026-03-22 18:47:00+00:00,/api/db,24.0,24.0,24.0,0.0,0.016666666666666666,0.0,0,1,none
2026-03-22 18:47:00+00:00,/api/error,18.666666666666668,18.666666666666668,20.0,1.247219128924647,0.05,1.0,3,3,SYSTEM_ERROR
2026-03-22 18:47:00+00:00,/api/normal,16.84090909090909,16.84090909090909,32.0,3.9939908374854034,0.7333333333333333,0.0,0,44,none
2026-03-22 18:47:00+00:00,/api/slow,2259.529411764706,2259.529411764706,6025.0,1591.8045297396454,0.2833333333333333,0.0,0,17,none
2026-03-22 18:47:00+00:00,/api/validate,33.5,33.5,37.0,3.5,0.03333333333333333,0.5,1,2,VALIDATION_ERROR
2026-03-22 18:48:00+00:00,/api/error,20.25,20.25,28.0,4.968651728587948,0.06666666666666667,1.0,4,4,SYSTEM_ERROR
2026-03-22 18:48:00+00:00,/api/normal,16.413793103448278,16.413793103448278,36.0,4.686865295911693,0.48333333333333334,0.0,0,29,none
2026-03-22 18:48:00+00:00,/api/slow,3926.6,3926.6,7038.0,2427.6216014857014,0.16666666666666666,0.0,0,10,none
2026-03-22 18:48:00+00:00,/api/validate,33.0,33.0,39.0,6.0,0.03333333333333333,0.0,0,2,none
2026-03-22 18:49:00+00:00,/api/error,16.625,16.625,20.0,1.7275343701356567,0.13333333333333333,1.0,8,8,SYSTEM_ERROR
2026-03-22 18:49:00+00:00,/api/normal,14.155555555555555,14.155555555555555,20.0,1.775832268800626,0.75,0.0,0,45,none
2026-03-22 18:49:00+00:00,/api/slow,2410.9444444444443,2410.9444444444443,7020.0,1457.4968447544356,0.3,0.0,0,18,none
2026-03-22 18:49:00+00:00,/api/validate,28.0,28.0,32.0,2.449489742783178,0.06666666666666667,0.25,1,4,none
2026-03-22 18:50:00+00:00,/api/db,21.333333333333332,21.333333333333332,24.0,2.0548046676563256,0.05,0.0,0,3,none
2026-03-22 18:50:00+00:00,/api/error,16.666666666666668,16.666666666666668,18.0,1.8856180831641267,0.05,1.0,3,3,SYSTEM_ERROR
2026-03-22 18:50:00+00:00,/api/normal,15.25531914893617,15.25531914893617,25.0,2.48799744395421,0.7833333333333333,0.0,0,47,none
2026-03-22 18:50:00+00:00,/api/slow,2258.8823529411766,2258.8823529411766,5017.0,1111.08653140825,0.2833333333333333,0.0,0,17,none
2026-03-22 18:51:00+00:00,/api/db,21.0,21.0,21.0,0.0,0.03333333333333333,0.0,0,2,none
2026-03-22 18:51:00+00:00,/api/error,15.75,15.75,18.0,1.479019945774904,0.06666666666666667,1.0,4,4,SYSTEM_ERROR
2026-03-22 18:51:00+00:00,/api/normal,15.551020408163266,15.551020408163266,21.0,1.5657198186789087,0.8166666666666667,0.0,0,49,none
2026-03-22 18:51:00+00:00,/api/slow,2871.0,2871.0,6028.0,1610.828310576222,0.21666666666666667,0.0,0,13,none
2026-03-22 18:51:00+00:00,/api/validate,36.0,36.0,39.0,3.0,0.03333333333333333,1.0,2,2,VALIDATION_ERROR
2026-03-22 18:52:00+00:00,/api/db,20.0,20.0,20.0,0.0,0.016666666666666666,0.0,0,1,none
2026-03-22 18:52:00+00:00,/api/error,14.666666666666666,14.666666666666666,17.0,1.699673171197595,0.05,1.0,3,3,SYSTEM_ERROR
2026-03-22 18:52:00+00:00,/api/normal,14.076923076923077,14.076923076923077,22.0,2.0176733920929233,0.43333333333333335,0.0,0,26,none
2026-03-22 18:52:00+00:00,/api/slow,4825.4,4825.4,7037.0,2713.963787525545,0.16666666666666666,0.0,0,10,TIMEOUT_ERROR
2026-03-22 18:52:00+00:00,/api/validate,28.0,28.0,28.0,0.0,0.016666666666666666,0.0,0,1,none
2026-03-22 18:53:00+00:00,/api/error,18.0,18.0,21.0,3.0,0.03333333333333333,1.0,2,2,SYSTEM_ERROR
2026-03-22 18:53:00+00:00,/api/normal,15.172413793103448,15.172413793103448,22.0,2.3203591505187204,0.48333333333333334,0.0,0,29,none
2026-03-22 18:53:00+00:00,/api/slow,3483.076923076923,3483.076923076923,6023.0,1984.3355974516026,0.21666666666666667,0.0,0,13,none
2026-03-22 18:54:00+00:00,/api/db,21.0,21.0,22.0,1.0,0.03333333333333333,0.0,0,2,none
2026-03-22 18:54:00+00:00,/api/error,17.333333333333332,17.333333333333332,20.0,2.0548046676563256,0.05,1.0,3,3,SYSTEM_ERROR
2026-03-22 18:54:00+00:00,/api/normal,15.78125,15.78125,30.0,2.6836818808308855,1.0666666666666667,0.0,0,64,none
2026-03-22 18:54:00+00:00,/api/slow,2358.0833333333335,2358.0833333333335,7022.0,1647.3047410003476,0.2,0.0,0,12,none
2026-03-22 18:54:00+00:00,/api/validate,38.5,38.5,43.0,4.5,0.03333333333333333,0.5,1,2,VALIDATION_ERROR
2026-03-22 18:55:00+00:00,/api/db,21.666666666666668,21.666666666666668,24.0,2.0548046676563256,0.05,0.0,0,3,none
2026-03-22 18:55:00+00:00,/api/error,17.333333333333332,17.333333333333332,19.0,1.699673171197595,0.05,1.0,3,3,SYSTEM_ERROR
2026-03-22 18:55:00+00:00,/api/normal,14.947368421052632,14.947368421052632,24.0,2.282050883018821,0.6333333333333333,0.0,0,38,none
2026-03-22 18:55:00+00:00,/api/slow,3450.5,3450.5,7021.0,2126.636504301704,0.23333333333333334,0.0,0,14,none
2026-03-22 18:56:00+00:00,/api/db,21.0,21.0,21.0,0.0,0.016666666666666666,0.0,0,1,none
2026-03-22 18:56:00+00:00,/api/error,15.666666666666666,15.666666666666666,17.0,1.247219128924647,0.05,1.0,3,3,SYSTEM_ERROR
2026-03-22 18:56:00+00:00,/api/normal,14.553191489361701,14.553191489361701,17.0,1.3015295525257127,0.7833333333333333,0.0,0,47,none
2026-03-22 18:56:00+00:00,/api/slow,3569.909090909091,3569.909090909091,7038.0,2351.7965069106967,0.18333333333333332,0.0,0,11,none
2026-03-22 18:57:00+00:00,/api/db,20.75,20.75,23.0,1.7853571071357126,0.06666666666666667,0.0,0,4,none
2026-03-22 18:57:00+00:00,/api/error,17.0,17.0,17.0,0.0,0.016666666666666666,1.0,1,1,SYSTEM_ERROR
2026-03-22 18:57:00+00:00,/api/normal,15.407894736842104,15.407894736842104,44.0,4.069066980793365,1.2666666666666666,0.0,0,76,none
2026-03-22 18:57:00+00:00,/api/slow,1892.3333333333333,1892.3333333333333,3044.0,805.7672671987171,0.25,0.0,0,15,none
2026-03-22 18:57:00+00:00,/api/validate,31.0,31.0,32.0,1.0,0.03333333333333333,0.5,1,2,VALIDATION_ERROR
2026-03-22 18:58:00+00:00,/api/db,20.0,20.0,20.0,0.0,0.016666666666666666,0.0,0,1,none
2026-03-22 18:58:00+00:00,/api/error,16.0,16.0,18.0,1.632993161855452,0.05,1.0,3,3,SYSTEM_ERROR
2026-03-22 18:58:00+00:00,/api/normal,14.707317073170731,14.707317073170731,32.0,2.9734098225161185,0.6833333333333333,0.0,0,41,none
2026-03-22 18:58:00+00:00,/api/slow,3169.1428571428573,3169.1428571428573,7038.0,2102.7159259648274,0.23333333333333334,0.0,0,14,none
2026-03-22 18:58:00+00:00,/api/validate,26.0,26.0,27.0,1.0,0.03333333333333333,0.0,0,2,none
2026-03-22 18:59:00+00:00,/api/db,21.0,21.0,21.0,0.0,0.016666666666666666,0.0,0,1,none
2026-03-22 18:59:00+00:00,/api/error,15.75,15.75,18.0,1.7853571071357126,0.06666666666666667,1.0,4,4,SYSTEM_ERROR
2026-03-22 18:59:00+00:00,/api/normal,15.38888888888889,15.38888888888889,25.0,1.947616460328678,1.2,0.0,0,72,none
2026-03-22 18:59:00+00:00,/api/slow,2239.6428571428573,2239.6428571428573,6028.0,1372.4784987721437,0.23333333333333334,0.0,0,14,none
2026-03-22 19:00:00+00:00,/api/error,30.5,30.5,41.0,10.5,0.03333333333333333,1.0,2,2,SYSTEM_ERROR
2026-03-22 19:00:00+00:00,/api/normal,15.6,15.6,23.0,2.981610303175115,0.6666666666666666,0.0,0,40,none
2026-03-22 19:00:00+00:00,/api/slow,3854.3636363636365,3854.3636363636365,7033.0,2294.145444890984,0.18333333333333332,0.0,0,11,none
2026-03-22 19:00:00+00:00,/api/validate,32.0,32.0,32.0,0.0,0.016666666666666666,0.0,0,1,none
2026-03-22 19:01:00+00:00,/api/db,26.0,26.0,27.0,1.0,0.03333333333333333,0.0,0,2,none
2026-03-22 19:01:00+00:00,/api/error,16.0,16.0,16.0,0.0,0.016666666666666666,1.0,1,1,SYSTEM_ERROR
2026-03-22 19:01:00+00:00,/api/normal,15.461538461538462,15.461538461538462,28.0,2.7160128567928945,0.65,0.0,0,39,none
2026-03-22 19:01:00+00:00,/api/slow,4027.1,4027.1,7030.0,1734.8904547549969,0.16666666666666666,0.0,0,10,none
2026-03-22 19:01:00+00:00,/api/validate,31.25,31.25,35.0,3.344772040064913,0.06666666666666667,0.25,1,4,none
2026-03-22 19:02:00+00:00,/api/error,17.0,17.0,18.0,1.0,0.03333333333333333,1.0,2,2,SYSTEM_ERROR
2026-03-22 19:02:00+00:00,/api/normal,14.041666666666666,14.041666666666666,18.0,1.4571423708371427,0.4,0.0,0,24,none
2026-03-22 19:02:00+00:00,/api/slow,2788.8823529411766,2788.8823529411766,7022.0,1832.2671871161965,0.2833333333333333,0.0,0,17,none
2026-03-22 19:02:00+00:00,/api/validate,27.5,27.5,30.0,2.5,0.03333333333333333,1.0,2,2,VALIDATION_ERROR
2026-03-22 19:03:00+00:00,/api/db,27.0,27.0,27.0,0.0,0.016666666666666666,0.0,0,1,none
2026-03-22 19:03:00+00:00,/api/error,16.0,16.0,16.0,0.0,0.016666666666666666,1.0,1,1,SYSTEM_ERROR
2026-03-22 19:03:00+00:00,/api/normal,14.314285714285715,14.314285714285715,18.0,1.1654901745354938,0.5833333333333334,0.0,0,35,none
2026-03-22 19:03:00+00:00,/api/slow,4113.818181818182,4113.818181818182,7018.0,1830.2860093529257,0.18333333333333332,0.0,0,11,none
2026-03-22 19:03:00+00:00,/api/validate,42.0,42.0,42.0,0.0,0.016666666666666666,0.0,0,1,none
2026-03-22 19:04:00+00:00,/api/db,39.0,39.0,39.0,0.0,0.016666666666666666,0.0,0,1,none
2026-03-22 19:04:00+00:00,/api/error,15.5,15.5,16.0,0.5,0.03333333333333333,1.0,2,2,SYSTEM_ERROR
2026-03-22 19:04:00+00:00,/api/normal,16.703703703703702,16.703703703703702,24.0,2.746240727691352,0.45,0.0,0,27,none
2026-03-22 19:04:00+00:00,/api/slow,3934.7272727272725,3934.7272727272725,7017.0,1877.783514045172,0.18333333333333332,0.0,0,11,none
2026-03-22 19:04:00+00:00,/api/validate,40.0,40.0,40.0,0.0,0.016666666666666666,1.0,1,1,VALIDATION_ERROR
2026-03-22 19:05:00+00:00,/api/db,25.666666666666668,25.666666666666668,35.0,6.649979114420001,0.05,0.0,0,3,none
2026-03-22 19:05:00+00:00,/api/error,19.0,19.0,26.0,3.5777087639996634,0.08333333333333333,1.0,5,5,SYSTEM_ERROR
2026-03-22 19:05:00+00:00,/api/normal,16.147058823529413,16.147058823529413,27.0,3.059530461296082,0.5666666666666667,0.0,0,34,none
2026-03-22 19:05:00+00:00,/api/slow,4207.363636363636,4207.363636363636,7030.0,1948.107439296232,0.18333333333333332,0.0,0,11,TIMEOUT_ERROR
2026-03-22 19:06:00+00:00,/api/db,24.0,24.0,24.0,0.0,0.03333333333333333,0.0,0,2,none
2026-03-22 19:06:00+00:00,/api/error,15.333333333333334,15.333333333333334,18.0,2.0548046676563256,0.05,1.0,3,3,SYSTEM_ERROR
2026-03-22 19:06:00+00:00,/api/normal,15.709090909090909,15.709090909090909,33.0,3.5196731628879574,0.9166666666666666,0.0,0,55,none
2026-03-22 19:06:00+00:00,/api/slow,2716.923076923077,2716.923076923077,6027.0,1436.7845757662362,0.21666666666666667,0.0,0,13,none
2026-03-22 19:06:00+00:00,/api/validate,38.0,38.0,39.0,1.0,0.03333333333333333,0.0,0,2,none
2026-03-22 19:07:00+00:00,/api/db,22.0,22.0,24.0,2.0,0.03333333333333333,0.0,0,2,none
2026-03-22 19:07:00+00:00,/api/error,15.333333333333334,15.333333333333334,17.0,1.247219128924647,0.05,1.0,3,3,SYSTEM_ERROR
2026-03-22 19:07:00+00:00,/api/normal,16.210526315789473,16.210526315789473,28.0,3.577399045887669,0.6333333333333333,0.0,0,38,none
2026-03-22 19:07:00+00:00,/api/slow,3661.5454545454545,3661.5454545454545,6033.0,1666.6077339443061,0.18333333333333332,0.0,0,11,none
2026-03-22 19:08:00+00:00,/api/db,25.0,25.0,25.0,0.0,0.016666666666666666,0.0,0,1,none
2026-03-22 19:08:00+00:00,/api/error,19.875,19.875,33.0,5.134138194478212,0.13333333333333333,1.0,8,8,SYSTEM_ERROR
2026-03-22 19:08:00+00:00,/api/normal,16.4,16.4,37.0,3.7784075529730297,0.9166666666666666,0.0,0,55,none
2026-03-22 19:08:00+00:00,/api/slow,3390.2727272727275,3390.2727272727275,7025.0,1771.1478605135294,0.18333333333333332,0.0,0,11,none
2026-03-22 19:08:00+00:00,/api/validate,42.0,42.0,42.0,0.0,0.016666666666666666,1.0,1,1,VALIDATION_ERROR
2026-03-22 19:09:00+00:00,/api/db,22.0,22.0,26.0,3.265986323710904,0.05,0.0,0,3,none
2026-03-22 19:09:00+00:00,/api/normal,14.875,14.875,17.0,1.192424001771182,0.5333333333333333,0.0,0,32,none
2026-03-22 19:09:00+00:00,/api/slow,2709.6875,2709.6875,7023.0,1827.0812693593434,0.26666666666666666,0.0,0,16,none
2026-03-22 19:09:00+00:00,/api/validate,32.0,32.0,32.0,0.0,0.016666666666666666,0.0,0,1,none
2026-03-22 19:10:00+00:00,/api/db,23.0,23.0,23.0,0.0,0.016666666666666666,0.0,0,1,none
2026-03-22 19:10:00+00:00,/api/error,23.333333333333332,23.333333333333332,28.0,5.90668171555645,0.05,1.0,3,3,SYSTEM_ERROR
2026-03-22 19:10:00+00:00,/api/normal,14.926829268292684,14.926829268292684,20.0,2.0289399359107727,0.6833333333333333,0.0,0,41,none
2026-03-22 19:10:00+00:00,/api/slow,2870.6923076923076,2870.6923076923076,7022.0,1873.8817541142685,0.21666666666666667,0.0,0,13,none
2026-03-22 19:10:00+00:00,/api/validate,32.5,32.5,39.0,6.5,0.03333333333333333,0.0,0,2,none
2026-03-22 19:11:00+00:00,/api/db,24.5,24.5,26.0,1.118033988749895,0.06666666666666667,0.0,0,4,none
2026-03-22 19:11:00+00:00,/api/error,20.0,20.0,20.0,0.0,0.016666666666666666,1.0,1,1,SYSTEM_ERROR
2026-03-22 19:11:00+00:00,/api/normal,16.46969696969697,16.46969696969697,26.0,2.2976911795664545,1.1,0.0,0,66,none
2026-03-22 19:11:00+00:00,/api/slow,3194.4166666666665,3194.4166666666665,7028.0,2301.9921610905244,0.2,0.0,0,12,none
2026-03-22 19:11:00+00:00,/api/validate,37.0,37.0,37.0,0.0,0.016666666666666666,0.0,0,1,none
2026-03-22 19:12:00+00:00,/api/db,21.0,21.0,21.0,0.0,0.016666666666666666,0.0,0,1,none
2026-03-22 19:12:00+00:00,/api/error,17.0,17.0,19.0,1.632993161855452,0.05,1.0,3,3,SYSTEM_ERROR
2026-03-22 19:12:00+00:00,/api/normal,14.879310344827585,14.879310344827585,24.0,1.9482758620689653,0.9666666666666667,0.0,0,58,none
2026-03-22 19:12:00+00:00,/api/slow,2793.5384615384614,2793.5384615384614,7017.0,1473.0889897075579,0.21666666666666667,0.0,0,13,none
2026-03-22 19:12:00+00:00,/api/validate,32.0,32.0,32.0,0.0,0.016666666666666666,0.0,0,1,none
2026-03-22 19:13:00+00:00,/api/db,21.5,21.5,23.0,1.5,0.03333333333333333,0.0,0,2,none
2026-03-22 19:13:00+00:00,/api/error,16.666666666666668,16.666666666666668,18.0,1.247219128924647,0.05,1.0,3,3,SYSTEM_ERROR
2026-03-22 19:13:00+00:00,/api/normal,16.0,16.0,37.0,3.9288544686584457,0.65,0.0,0,39,none
2026-03-22 19:13:00+00:00,/api/slow,4222.4,4222.4,7030.0,1938.728872225304,0.16666666666666666,0.0,0,10,TIMEOUT_ERROR
2026-03-22 19:13:00+00:00,/api/validate,55.0,55.0,55.0,0.0,0.016666666666666666,1.0,1,1,VALIDATION_ERROR
2026-03-22 19:14:00+00:00,/api/db,19.666666666666668,19.666666666666668,22.0,1.699673171197595,0.05,0.0,0,3,none
2026-03-22 19:14:00+00:00,/api/error,14.5,14.5,15.0,0.5,0.03333333333333333,1.0,2,2,SYSTEM_ERROR
2026-03-22 19:14:00+00:00,/api/normal,15.755102040816327,15.755102040816327,27.0,2.2815194743934692,0.8166666666666667,0.0,0,49,none
2026-03-22 19:14:00+00:00,/api/slow,2291.9333333333334,2291.9333333333334,7029.0,1655.2513793647445,0.25,0.0,0,15,none
2026-03-22 19:14:00+00:00,/api/validate,35.0,35.0,39.0,2.6076809620810595,0.08333333333333333,0.0,0,5,none
2026-03-22 19:15:00+00:00,/api/db,23.5,23.5,27.0,3.5,0.03333333333333333,0.0,0,2,none
2026-03-22 19:15:00+00:00,/api/error,15.0,15.0,15.0,0.0,0.03333333333333333,1.0,2,2,SYSTEM_ERROR
2026-03-22 19:15:00+00:00,/api/normal,14.75,14.75,21.0,2.537222891273055,0.4,0.0,0,24,none
2026-03-22 19:15:00+00:00,/api/slow,3310.714285714286,3310.714285714286,7031.0,2053.984435487399,0.23333333333333334,0.0,0,14,none
2026-03-22 19:15:00+00:00,/api/validate,27.0,27.0,27.0,0.0,0.016666666666666666,0.0,0,1,none
2026-03-22 19:16:00+00:00,/api/db,23.5,23.5,25.0,1.5,0.03333333333333333,0.0,0,2,none
2026-03-22 19:16:00+00:00,/api/error,19.333333333333332,19.333333333333332,24.0,3.299831645537222,0.05,1.0,3,3,SYSTEM_ERROR
2026-03-22 19:16:00+00:00,/api/normal,15.352941176470589,15.352941176470589,24.0,2.2908473422642985,0.85,0.0,0,51,none
2026-03-22 19:16:00+00:00,/api/slow,2623.6,2623.6,7027.0,1743.9692199118651,0.25,0.0,0,15,none
2026-03-22 19:16:00+00:00,/api/validate,36.0,36.0,38.0,2.0,0.03333333333333333,1.0,2,2,VALIDATION_ERROR
2026-03-22 19:17:00+00:00,/api/db,22.5,22.5,23.0,0.5,0.03333333333333333,0.0,0,2,none
2026-03-22 19:17:00+00:00,/api/error,19.0,19.0,25.0,4.242640687119285,0.06666666666666667,1.0,4,4,SYSTEM_ERROR
2026-03-22 19:17:00+00:00,/api/normal,16.338709677419356,16.338709677419356,26.0,2.1017930009728847,1.0333333333333334,0.0,0,62,none
2026-03-22 19:17:00+00:00,/api/slow,2410.769230769231,2410.769230769231,7030.0,2019.288570601277,0.21666666666666667,0.0,0,13,none
2026-03-22 19:17:00+00:00,/api/validate,34.5,34.5,42.0,7.5,0.03333333333333333,1.0,2,2,VALIDATION_ERROR
2026-03-22 19:18:00+00:00,/api/error,16.0,16.0,18.0,1.632993161855452,0.05,1.0,3,3,SYSTEM_ERROR
2026-03-22 19:18:00+00:00,/api/normal,15.928571428571429,15.928571428571429,24.0,2.7893748842523767,0.7,0.0,0,42,none
2026-03-22 19:18:00+00:00,/api/slow,3526.1666666666665,3526.1666666666665,6028.0,1974.5134773463114,0.2,0.0,0,12,none
2026-03-22 19:18:00+00:00,/api/validate,32.0,32.0,32.0,0.0,0.016666666666666666,0.0,0,1,none
2026-03-22 19:19:00+00:00,/api/db,22.666666666666668,22.666666666666668,25.0,1.699673171197595,0.05,0.0,0,3,none
2026-03-22 19:19:00+00:00,/api/error,19.5,19.5,21.0,1.5,0.03333333333333333,1.0,2,2,SYSTEM_ERROR
2026-03-22 19:19:00+00:00,/api/normal,19.65909090909091,19.65909090909091,67.0,7.778008572595681,0.7333333333333333,0.0,0,44,none
2026-03-22 19:19:00+00:00,/api/slow,2492.8,2492.8,6039.0,1458.7656974305369,0.25,0.0,0,15,none
2026-03-22 19:20:00+00:00,/api/db,34.0,34.0,46.0,8.524474568362947,0.05,0.0,0,3,none
2026-03-22 19:20:00+00:00,/api/error,20.142857142857142,20.142857142857142,23.0,1.489190073439228,0.35,1.0,21,21,SYSTEM_ERROR
2026-03-22 19:20:00+00:00,/api/normal,20.846153846153847,20.846153846153847,61.0,7.091122877840931,0.65,0.0,0,39,none
2026-03-22 19:20:00+00:00,/api/slow,2662.909090909091,2662.909090909091,6032.0,1554.9335825947653,0.18333333333333332,0.0,0,11,none
2026-03-22 19:20:00+00:00,/api/validate,42.333333333333336,42.333333333333336,44.0,1.699673171197595,0.05,0.6666666666666666,2,3,VALIDATION_ERROR
2026-03-22 19:21:00+00:00,/api/db,22.666666666666668,22.666666666666668,24.0,1.8856180831641267,0.05,0.0,0,3,none
2026-03-22 19:21:00+00:00,/api/error,17.818181818181817,17.818181818181817,27.0,2.9588546663597923,0.55,1.0,33,33,SYSTEM_ERROR
2026-03-22 19:21:00+00:00,/api/normal,15.78048780487805,15.78048780487805,21.0,1.8546210594732078,0.6833333333333333,0.0,0,41,none
2026-03-22 19:21:00+00:00,/api/slow,2485.153846153846,2485.153846153846,6023.0,1215.8434138903708,0.21666666666666667,0.0,0,13,none
2026-03-22 19:21:00+00:00,/api/validate,30.0,30.0,30.0,0.0,0.016666666666666666,0.0,0,1,none
2026-03-22 19:22:00+00:00,/api/error,16.454545454545453,16.454545454545453,24.0,2.791664096869834,0.36666666666666664,1.0,22,22,SYSTEM_ERROR
2026-03-22 19:22:00+00:00,/api/normal,15.8,15.8,22.0,2.0948917462655268,0.5833333333333334,0.0,0,35,none
2026-03-22 19:22:00+00:00,/api/slow,3108.75,3108.75,7019.0,1753.1432307429989,0.2,0.0,0,12,none
2026-03-22 19:22:00+00:00,/api/validate,36.0,36.0,36.0,0.0,0.016666666666666666,1.0,1,1,VALIDATION_ERROR
2026-03-22 19:23:00+00:00,/api/db,24.0,24.0,24.0,0.0,0.016666666666666666,0.0,0,1,none
2026-03-22 19:23:00+00:00,/api/error,16.391304347826086,16.391304347826086,39.0,5.036727115678114,0.38333333333333336,1.0,23,23,SYSTEM_ERROR
2026-03-22 19:23:00+00:00,/api/normal,14.15625,14.15625,19.0,1.7696993918459711,0.5333333333333333,0.0,0,32,none
2026-03-22 19:23:00+00:00,/api/slow,3570.818181818182,3570.818181818182,7024.0,2187.7146572365427,0.18333333333333332,0.0,0,11,none
2026-03-22 19:24:00+00:00,/api/db,20.25,20.25,22.0,1.299038105676658,0.06666666666666667,0.0,0,4,none
2026-03-22 19:24:00+00:00,/api/error,18.26086956521739,18.26086956521739,74.0,12.098211838062637,0.38333333333333336,1.0,23,23,SYSTEM_ERROR
2026-03-22 19:24:00+00:00,/api/normal,14.948717948717949,14.948717948717949,26.0,2.500755967228022,0.65,0.0,0,39,none
2026-03-22 19:24:00+00:00,/api/slow,2335.0,2335.0,6043.0,1542.3654161459524,0.21666666666666667,0.0,0,13,none
2026-03-22 19:24:00+00:00,/api/validate,34.5,34.5,36.0,1.5,0.03333333333333333,1.0,2,2,VALIDATION_ERROR
2026-03-22 19:25:00+00:00,/api/error,15.571428571428571,15.571428571428571,23.0,3.155817433482074,0.11666666666666667,1.0,7,7,SYSTEM_ERROR
2026-03-22 19:25:00+00:00,/api/normal,14.857142857142858,14.857142857142858,18.0,1.8070158058105028,0.23333333333333334,0.0,0,14,none
2026-03-22 19:25:00+00:00,/api/slow,4248.111111111111,4248.111111111111,7031.0,1475.8149119455961,0.15,0.0,0,9,none
2026-04-06 11:58:00+00:00,/api/normal,13.0,13.0,14.0,0.7559289460184544,0.11666666666666667,0.0,0,7,none
2026-04-06 11:58:00+00:00,/api/slow,2774.5,2774.5,6039.0,1929.2076741501937,0.06666666666666667,0.0,0,4,none
2026-04-06 11:59:00+00:00,/api/error,28.0,28.0,56.0,19.79898987322333,0.05,1.0,3,3,SYSTEM_ERROR
2026-04-06 11:59:00+00:00,/api/normal,13.0,13.0,15.0,0.7352146220938077,0.6166666666666667,0.0,0,37,none
2026-04-06 11:59:00+00:00,/api/slow,2957.125,2957.125,7022.0,2193.8978119718795,0.26666666666666666,0.0,0,16,none
2026-04-06 11:59:00+00:00,/api/validate,750.0,750.0,750.0,0.0,0.016666666666666666,0.0,0,1,none
2026-04-06 12:00:00+00:00,/api/db,221.0,221.0,221.0,0.0,0.016666666666666666,0.0,0,1,none
2026-04-06 12:00:00+00:00,/api/error,13.0,13.0,13.0,0.0,0.016666666666666666,1.0,1,1,SYSTEM_ERROR
2026-04-06 12:00:00+00:00,/api/normal,13.142857142857142,13.142857142857142,17.0,1.1065666703449764,0.8166666666666667,0.0,0,49,none
2026-04-06 12:00:00+00:00,/api/slow,2458.625,2458.625,6025.0,1579.399010502096,0.26666666666666666,0.0,0,16,none
2026-04-06 12:01:00+00:00,/api/error,13.333333333333334,13.333333333333334,14.0,0.4714045207910317,0.05,1.0,3,3,SYSTEM_ERROR
2026-04-06 12:01:00+00:00,/api/normal,12.91304347826087,12.91304347826087,15.0,0.8295123490582136,0.38333333333333336,0.0,0,23,none
2026-04-06 12:01:00+00:00,/api/slow,4473.363636363636,4473.363636363636,7026.0,2018.8942190636426,0.18333333333333332,0.0,0,11,TIMEOUT_ERROR
2026-04-06 12:02:00+00:00,/api/db,19.0,19.0,20.0,1.0,0.03333333333333333,0.0,0,2,none
2026-04-06 12:02:00+00:00,/api/error,15.0,15.0,15.0,0.0,0.016666666666666666,1.0,1,1,SYSTEM_ERROR
2026-04-06 12:02:00+00:00,/api/normal,13.696969696969697,13.696969696969697,17.0,1.2181667419540474,0.55,0.0,0,33,none
2026-04-06 12:02:00+00:00,/api/slow,2895.25,2895.25,7025.0,1996.4539344798316,0.26666666666666666,0.0,0,16,none
2026-04-06 12:03:00+00:00,/api/error,14.0,14.0,14.0,0.0,0.016666666666666666,1.0,1,1,SYSTEM_ERROR
2026-04-06 12:03:00+00:00,/api/normal,13.5,13.5,21.0,1.6007810593582121,0.5333333333333333,0.0,0,32,none
2026-04-06 12:03:00+00:00,/api/slow,4421.0,4421.0,7027.0,2107.087990568975,0.16666666666666666,0.0,0,10,TIMEOUT_ERROR
2026-04-06 12:04:00+00:00,/api/db,20.0,20.0,22.0,2.0,0.03333333333333333,0.0,0,2,none
2026-04-06 12:04:00+00:00,/api/error,13.8,13.8,14.0,0.39999999999999997,0.08333333333333333,1.0,5,5,SYSTEM_ERROR
2026-04-06 12:04:00+00:00,/api/normal,13.5,13.5,17.0,1.2513150976809202,0.6333333333333333,0.0,0,38,none
2026-04-06 12:04:00+00:00,/api/slow,3658.3636363636365,3658.3636363636365,7026.0,1772.6612388633635,0.18333333333333332,0.0,0,11,none
2026-04-06 12:04:00+00:00,/api/validate,29.0,29.0,33.0,4.0,0.03333333333333333,0.0,0,2,none
2026-04-06 12:05:00+00:00,/api/db,21.0,21.0,21.0,0.0,0.016666666666666666,0.0,0,1,none
2026-04-06 12:05:00+00:00,/api/error,14.0,14.0,15.0,0.816496580927726,0.05,1.0,3,3,SYSTEM_ERROR
2026-04-06 12:05:00+00:00,/api/normal,13.145833333333334,13.145833333333334,20.0,1.2908263395549724,0.8,0.0,0,48,none
2026-04-06 12:05:00+00:00,/api/slow,3251.4615384615386,3251.4615384615386,7022.0,2005.0669513235566,0.21666666666666667,0.0,0,13,none
2026-04-06 12:05:00+00:00,/api/validate,24.666666666666668,24.666666666666668,26.0,0.9428090415820634,0.05,0.0,0,3,none
2026-04-06 12:06:00+00:00,/api/db,18.0,18.0,18.0,0.0,0.016666666666666666,0.0,0,1,none
2026-04-06 12:06:00+00:00,/api/error,14.5,14.5,15.0,0.5,0.03333333333333333,1.0,2,2,SYSTEM_ERROR
2026-04-06 12:06:00+00:00,/api/normal,13.333333333333334,13.333333333333334,22.0,1.7511900715418263,0.75,0.0,0,45,none
2026-04-06 12:06:00+00:00,/api/slow,3085.2,3085.2,7015.0,1949.0917611373081,0.25,0.0,0,15,none
2026-04-06 12:07:00+00:00,/api/db,20.0,20.0,20.0,0.0,0.016666666666666666,0.0,0,1,none
2026-04-06 12:07:00+00:00,/api/error,15.5,15.5,17.0,1.118033988749895,0.06666666666666667,1.0,4,4,SYSTEM_ERROR
2026-04-06 12:07:00+00:00,/api/normal,13.08,13.08,17.0,1.0552724766618335,0.8333333333333334,0.0,0,50,none
2026-04-06 12:07:00+00:00,/api/slow,2397.25,2397.25,5023.0,1051.8472144280272,0.26666666666666666,0.0,0,16,none
2026-04-06 12:08:00+00:00,/api/db,28.0,28.0,28.0,0.0,0.016666666666666666,0.0,0,1,none
2026-04-06 12:08:00+00:00,/api/error,23.5,23.5,27.0,3.5,0.03333333333333333,1.0,2,2,SYSTEM_ERROR
2026-04-06 12:08:00+00:00,/api/normal,17.529411764705884,17.529411764705884,29.0,3.8442875429398837,0.5666666666666667,0.0,0,34,none
2026-04-06 12:08:00+00:00,/api/slow,3330.230769230769,3330.230769230769,7020.0,1814.0380860155037,0.21666666666666667,0.0,0,13,none
2026-04-06 12:08:00+00:00,/api/validate,33.5,33.5,37.0,3.5,0.03333333333333333,0.0,0,2,none
2026-04-06 12:09:00+00:00,/api/db,23.0,23.0,23.0,0.0,0.06666666666666667,0.0,0,4,none
2026-04-06 12:09:00+00:00,/api/error,18.0,18.0,18.0,0.0,0.03333333333333333,1.0,2,2,SYSTEM_ERROR
2026-04-06 12:09:00+00:00,/api/normal,18.148936170212767,18.148936170212767,40.0,5.465476652450265,0.7833333333333333,0.0,0,47,none
2026-04-06 12:09:00+00:00,/api/slow,2668.0714285714284,2668.0714285714284,5045.0,1631.8095330156693,0.23333333333333334,0.0,0,14,none
2026-04-06 12:09:00+00:00,/api/validate,102.0,102.0,102.0,0.0,0.016666666666666666,1.0,1,1,VALIDATION_ERROR
2026-04-06 12:10:00+00:00,/api/error,20.0,20.0,21.0,1.0,0.03333333333333333,1.0,2,2,SYSTEM_ERROR
2026-04-06 12:10:00+00:00,/api/normal,17.94736842105263,17.94736842105263,25.0,2.18785365166595,0.31666666666666665,0.0,0,19,none
2026-04-06 12:10:00+00:00,/api/slow,3024.1666666666665,3024.1666666666665,7022.0,2516.2832654973927,0.1,0.0,0,6,none
