timestamp,endpoint,anomaly_score,is_anomaly
2026-03-09 21:00:00+00:00,/api/db,-0.1337567620481136,0
2026-03-09 21:00:00+00:00,/api/error,-0.1576793304699402,0
2026-03-09 21:00:00+00:00,/api/normal,-0.20144859077227656,0
2026-03-09 21:00:00+00:00,/api/slow,-0.14145346538168446,0
2026-03-09 21:00:00+00:00,/api/validate,-0.10634823873153487,0
2026-03-09 21:01:00+00:00,/api/db,-0.16963841755736747,0
2026-03-09 21:01:00+00:00,/api/error,-0.1320539387994782,0
2026-03-09 21:01:00+00:00,/api/normal,-0.21136404430771227,0
2026-03-09 21:01:00+00:00,/api/slow,-0.0767063085145605,0
2026-03-09 21:01:00+00:00,/api/validate,-0.14880541064391967,0
2026-03-09 21:02:00+00:00,/api/normal,-0.1869344428317311,0
2026-03-09 21:02:00+00:00,/api/slow,-0.15157602144159205,0
2026-03-09 21:03:00+00:00,/api/db,-0.16661488505411415,0
2026-03-09 21:03:00+00:00,/api/error,-0.1438328101806839,0
2026-03-09 21:03:00+00:00,/api/normal,-0.19927270520833096,0
2026-03-09 21:03:00+00:00,/api/slow,-0.14522774245148135,0
2026-03-09 21:04:00+00:00,/api/db,-0.13477435032333074,0
2026-03-09 21:04:00+00:00,/api/error,-0.16918957204077928,0
2026-03-09 21:04:00+00:00,/api/normal,-0.20484174029864283,0
2026-03-09 21:04:00+00:00,/api/slow,-0.10957414992415088,0
2026-03-09 21:05:00+00:00,/api/normal,-0.18893822805954247,0
2026-03-09 21:05:00+00:00,/api/slow,-0.12506213952795242,0
2026-03-09 21:06:00+00:00,/api/error,-0.14296218753963147,0
2026-03-09 21:06:00+00:00,/api/normal,-0.19244837988246882,0
2026-03-09 21:06:00+00:00,/api/slow,-0.1597754678929033,0
2026-03-09 21:06:00+00:00,/api/validate,-0.15123169124412056,0
2026-03-09 21:07:00+00:00,/api/normal,-0.2064156477212052,0
2026-03-09 21:07:00+00:00,/api/slow,-0.0562156080466204,0
2026-03-09 21:08:00+00:00,/api/normal,-0.19454843725749915,0
2026-03-09 21:08:00+00:00,/api/slow,-0.135082383529125,0
2026-03-09 21:08:00+00:00,/api/validate,-0.15277634012017455,0
2026-03-09 21:09:00+00:00,/api/error,-0.13129116967362892,0
2026-03-09 21:09:00+00:00,/api/normal,-0.18802112436689655,0
2026-03-09 21:09:00+00:00,/api/slow,-0.15495089493501463,0
2026-03-09 21:10:00+00:00,/api/db,-0.1775089395451176,0
2026-03-09 21:10:00+00:00,/api/error,-0.12486528719399692,0
2026-03-09 21:10:00+00:00,/api/normal,-0.185224561115038,0
2026-03-09 21:10:00+00:00,/api/slow,-0.1626618457665,0
2026-03-09 21:10:00+00:00,/api/validate,-0.10617401286467715,0
2026-03-09 21:11:00+00:00,/api/db,-0.18618514804721453,0
2026-03-09 21:11:00+00:00,/api/normal,-0.20426447647559348,0
2026-03-09 21:11:00+00:00,/api/slow,-0.10881877121514294,0
2026-03-09 21:12:00+00:00,/api/db,-0.17766206989178202,0
2026-03-09 21:12:00+00:00,/api/error,-0.12156447209768206,0
2026-03-09 21:12:00+00:00,/api/normal,-0.19990195723734067,0
2026-03-09 21:12:00+00:00,/api/slow,-0.1281264578885744,0
2026-03-09 21:12:00+00:00,/api/validate,-0.14374308348379977,0
2026-03-09 21:13:00+00:00,/api/normal,-0.16054982137999424,0
2026-03-09 21:13:00+00:00,/api/slow,-0.11256144329326567,0
2026-03-09 21:13:00+00:00,/api/validate,-0.12744843351644775,0
2026-03-09 21:14:00+00:00,/api/db,-0.18563841087444177,0
2026-03-09 21:14:00+00:00,/api/error,-0.15988905441391804,0
2026-03-09 21:14:00+00:00,/api/normal,-0.19101580856451023,0
2026-03-09 21:14:00+00:00,/api/slow,-0.11363819344714254,0
2026-03-09 21:15:00+00:00,/api/error,-0.1607324226592674,0
2026-03-09 21:15:00+00:00,/api/normal,-0.21055493271307568,0
2026-03-09 21:15:00+00:00,/api/slow,-0.08997234755518713,0
2026-03-09 21:15:00+00:00,/api/validate,-0.02354568342371466,0
2026-03-09 21:16:00+00:00,/api/error,-0.16492153822439837,0
2026-03-09 21:16:00+00:00,/api/normal,-0.17513977663988994,0
2026-03-09 21:16:00+00:00,/api/slow,-0.15813091736180673,0
2026-03-09 21:17:00+00:00,/api/db,-0.17959589071767668,0
2026-03-09 21:17:00+00:00,/api/error,-0.11678505108253923,0
2026-03-09 21:17:00+00:00,/api/normal,-0.20170169414883554,0
2026-03-09 21:17:00+00:00,/api/validate,-0.14858564726599466,0
2026-03-09 21:18:00+00:00,/api/db,-0.07803989957832413,0
2026-03-09 21:18:00+00:00,/api/normal,-0.20274282671703558,0
2026-03-09 21:18:00+00:00,/api/slow,-0.12425419138397892,0
2026-03-09 21:19:00+00:00,/api/db,-0.1873311301463143,0
2026-03-09 21:19:00+00:00,/api/error,-0.13521694049041344,0
2026-03-09 21:19:00+00:00,/api/normal,-0.18026611589624336,0
2026-03-09 21:19:00+00:00,/api/slow,-0.14372045239891784,0
2026-03-09 21:19:00+00:00,/api/validate,-0.13653441582798137,0
2026-03-09 21:20:00+00:00,/api/db,-0.036634664768588565,0
2026-03-09 21:20:00+00:00,/api/normal,-0.2001799845435573,0
2026-03-09 21:20:00+00:00,/api/slow,-0.13024216824374052,0
2026-03-09 21:21:00+00:00,/api/db,-0.15405071133131387,0
2026-03-09 21:21:00+00:00,/api/normal,-0.2010611781035525,0
2026-03-09 21:21:00+00:00,/api/slow,-0.16628166577547943,0
2026-03-09 21:22:00+00:00,/api/db,-0.1775089395451176,0
2026-03-09 21:22:00+00:00,/api/error,-0.1452535624229911,0
2026-03-09 21:22:00+00:00,/api/normal,-0.19630220920212443,0
2026-03-09 21:22:00+00:00,/api/slow,-0.11789851156590875,0
2026-03-09 21:22:00+00:00,/api/validate,-0.133717878497558,0
2026-03-09 21:23:00+00:00,/api/error,-0.15473880735585704,0
2026-03-09 21:23:00+00:00,/api/normal,-0.1773078380681774,0
2026-03-09 21:23:00+00:00,/api/slow,-0.13768391706312244,0
2026-03-09 21:24:00+00:00,/api/error,-0.15807756666747236,0
2026-03-09 21:24:00+00:00,/api/normal,-0.19597363947901286,0
2026-03-09 21:24:00+00:00,/api/slow,-0.1255719048973013,0
2026-03-09 21:25:00+00:00,/api/db,-0.1785506251937201,0
2026-03-09 21:25:00+00:00,/api/error,-0.15879724265213258,0
2026-03-09 21:25:00+00:00,/api/normal,-0.18854784875886077,0
2026-03-09 21:25:00+00:00,/api/slow,-0.144192755700491,0
2026-03-09 21:26:00+00:00,/api/db,-0.17675447156868201,0
2026-03-09 21:26:00+00:00,/api/error,-0.1700133947036641,0
2026-03-09 21:26:00+00:00,/api/normal,-0.20409653711133952,0
2026-03-09 21:26:00+00:00,/api/slow,-0.12045274146943863,0
2026-03-09 21:26:00+00:00,/api/validate,-0.14426542148945848,0
2026-03-09 21:27:00+00:00,/api/db,-0.18545522548775878,0
2026-03-09 21:27:00+00:00,/api/error,-0.1625537062980007,0
2026-03-09 21:27:00+00:00,/api/normal,-0.18622554896996563,0
2026-03-09 21:27:00+00:00,/api/slow,-0.14022337094799042,0
2026-03-09 21:28:00+00:00,/api/error,-0.1552792737828172,0
2026-03-09 21:28:00+00:00,/api/normal,-0.155549581772429,0
2026-03-09 21:28:00+00:00,/api/slow,-0.1283262779985782,0
2026-03-09 21:29:00+00:00,/api/db,-0.17397450132907277,0
2026-03-09 21:29:00+00:00,/api/error,-0.13840901668672762,0
2026-03-09 21:29:00+00:00,/api/normal,-0.20789836206360185,0
2026-03-09 21:29:00+00:00,/api/slow,-0.11470662230827527,0
2026-03-09 21:29:00+00:00,/api/validate,-0.10242941876669659,0
2026-03-09 21:30:00+00:00,/api/db,-0.16078762497996013,0
2026-03-09 21:30:00+00:00,/api/error,-0.16166994769372933,0
2026-03-09 21:30:00+00:00,/api/normal,-0.2016479165982502,0
2026-03-09 21:30:00+00:00,/api/slow,-0.12682435089666794,0
2026-03-09 21:30:00+00:00,/api/validate,-0.1321905013059131,0
2026-03-09 21:31:00+00:00,/api/normal,-0.18550812179246634,0
2026-03-09 21:31:00+00:00,/api/slow,-0.17177817377869237,0
2026-03-09 21:32:00+00:00,/api/error,-0.12127315718803611,0
2026-03-09 21:32:00+00:00,/api/normal,-0.20283952132060007,0
2026-03-09 21:32:00+00:00,/api/slow,-0.14088271287343157,0
2026-03-09 21:33:00+00:00,/api/db,-0.12332040248775405,0
2026-03-09 21:33:00+00:00,/api/error,-0.14118563148327418,0
2026-03-09 21:33:00+00:00,/api/normal,-0.2019464000973465,0
2026-03-09 21:33:00+00:00,/api/slow,-0.13661131329436144,0
2026-03-09 21:34:00+00:00,/api/normal,-0.2057267229795383,0
2026-03-09 21:34:00+00:00,/api/slow,-0.15322929242164046,0
2026-03-09 21:35:00+00:00,/api/normal,-0.19376369915622904,0
2026-03-09 21:35:00+00:00,/api/slow,-0.15279007419843926,0
2026-03-09 21:36:00+00:00,/api/error,-0.1675166963911141,0
2026-03-09 21:36:00+00:00,/api/normal,-0.19697707666282804,0
2026-03-09 21:36:00+00:00,/api/slow,-0.15177684243265654,0
2026-03-09 21:37:00+00:00,/api/error,-0.15802360099872648,0
2026-03-09 21:37:00+00:00,/api/normal,-0.19768710643219983,0
2026-03-09 21:37:00+00:00,/api/slow,-0.11823106813952627,0
2026-03-09 21:38:00+00:00,/api/db,-0.18160784073622283,0
2026-03-09 21:38:00+00:00,/api/normal,-0.2101245349225262,0
2026-03-09 21:38:00+00:00,/api/slow,-0.14906771467047608,0
2026-03-09 21:38:00+00:00,/api/validate,-0.146702367054033,0
2026-03-09 21:39:00+00:00,/api/db,-0.16462008329770333,0
2026-03-09 21:39:00+00:00,/api/error,-0.16816019250426434,0
2026-03-09 21:39:00+00:00,/api/normal,-0.20559168898717162,0
2026-03-09 21:39:00+00:00,/api/slow,-0.14824639996742328,0
2026-03-09 21:40:00+00:00,/api/db,-0.18032091429043756,0
2026-03-09 21:40:00+00:00,/api/normal,-0.20158689945014602,0
2026-03-09 21:40:00+00:00,/api/slow,-0.15937127140583524,0
2026-03-09 21:40:00+00:00,/api/validate,-0.1513335318619447,0
2026-03-09 21:41:00+00:00,/api/db,-0.1873311301463143,0
2026-03-09 21:41:00+00:00,/api/error,-0.15591692454741662,0
2026-03-09 21:41:00+00:00,/api/normal,-0.17603248840424457,0
2026-03-09 21:41:00+00:00,/api/slow,-0.1676100325071992,0
2026-03-09 21:41:00+00:00,/api/validate,-0.07838132287234001,0
2026-03-09 21:42:00+00:00,/api/error,-0.14758404717288126,0
2026-03-09 21:42:00+00:00,/api/normal,-0.21054459311547802,0
2026-03-09 21:42:00+00:00,/api/slow,-0.15186262870403305,0
2026-03-09 21:43:00+00:00,/api/error,-0.1375803414973416,0
2026-03-09 21:43:00+00:00,/api/normal,-0.20580580030944517,0
2026-03-09 21:43:00+00:00,/api/slow,-0.15491055962955275,0
2026-03-09 21:44:00+00:00,/api/db,-0.1775089395451176,0
2026-03-09 21:44:00+00:00,/api/normal,-0.1755879857501531,0
2026-03-09 21:44:00+00:00,/api/slow,-0.11277838371703197,0
2026-03-09 21:45:00+00:00,/api/db,-0.18032091429043756,0
2026-03-09 21:45:00+00:00,/api/error,-0.12618065226312114,0
2026-03-09 21:45:00+00:00,/api/normal,-0.1945856692847609,0
2026-03-09 21:45:00+00:00,/api/validate,-0.05257881058646785,0
2026-03-09 21:46:00+00:00,/api/error,-0.16829776555056908,0
2026-03-09 21:46:00+00:00,/api/normal,-0.18706385217118265,0
2026-03-09 21:46:00+00:00,/api/validate,-0.14375671257165157,0
2026-03-09 21:47:00+00:00,/api/error,-0.11840262366602222,0
2026-03-09 21:47:00+00:00,/api/normal,-0.18987690291811649,0
2026-03-09 21:47:00+00:00,/api/slow,-0.1471559671155871,0
2026-03-09 21:48:00+00:00,/api/normal,-0.18063341150069512,0
2026-03-09 21:48:00+00:00,/api/slow,-0.15195894651192504,0
2026-03-09 21:49:00+00:00,/api/db,-0.18034318738211386,0
2026-03-09 21:49:00+00:00,/api/error,-0.1383953040778213,0
2026-03-09 21:49:00+00:00,/api/normal,-0.1868250195524122,0
2026-03-09 21:49:00+00:00,/api/slow,-0.16186767132530494,0
2026-03-09 21:50:00+00:00,/api/db,-0.07483130587339493,0
2026-03-09 21:50:00+00:00,/api/error,-0.15377469997604465,0
2026-03-09 21:50:00+00:00,/api/normal,-0.19268970398887708,0
2026-03-09 21:50:00+00:00,/api/slow,-0.0902904441208704,0
2026-03-09 21:51:00+00:00,/api/error,-0.1476518889252273,0
2026-03-09 21:51:00+00:00,/api/normal,-0.1872784715776709,0
2026-03-09 21:51:00+00:00,/api/slow,-0.11666710661263469,0
2026-03-09 21:52:00+00:00,/api/db,-0.17675447156868201,0
2026-03-09 21:52:00+00:00,/api/error,-0.06658097568422772,0
2026-03-09 21:52:00+00:00,/api/normal,-0.1434781523334983,0
2026-03-09 21:52:00+00:00,/api/slow,-0.15967828603662015,0
2026-03-09 21:52:00+00:00,/api/validate,-0.0708312556040912,0
2026-03-09 21:53:00+00:00,/api/db,-0.1785506251937201,0
2026-03-09 21:53:00+00:00,/api/error,-0.03246946900102243,0
2026-03-09 21:53:00+00:00,/api/normal,-0.15886720116356445,0
2026-03-09 21:53:00+00:00,/api/slow,-0.1584780741471149,0
2026-03-09 21:54:00+00:00,/api/db,-0.06066122502820559,0
2026-03-09 21:54:00+00:00,/api/error,-0.07947736732625876,0
2026-03-09 21:54:00+00:00,/api/normal,-0.15641325218294083,0
2026-03-09 21:55:00+00:00,/api/error,-0.06005555520829253,0
2026-03-09 21:55:00+00:00,/api/normal,-0.17968214819938222,0
2026-03-09 21:56:00+00:00,/api/db,-0.18259067651065253,0
2026-03-09 21:56:00+00:00,/api/error,0.02469835218686678,1
2026-03-09 21:56:00+00:00,/api/normal,-0.12250785285949745,0
2026-03-09 21:56:00+00:00,/api/slow,-0.10644809228738467,0
2026-03-09 21:57:00+00:00,/api/db,-0.14638018715046508,0
2026-03-09 21:57:00+00:00,/api/error,-0.10064823849127691,0
2026-03-09 21:57:00+00:00,/api/normal,-0.18522114481653656,0
2026-03-09 21:57:00+00:00,/api/slow,-0.11484965550091353,0
2026-03-09 21:57:00+00:00,/api/validate,-0.013960410335389861,0
2026-03-09 21:58:00+00:00,/api/error,-0.09244067398103673,0
2026-03-09 21:58:00+00:00,/api/normal,-0.19288794232340767,0
2026-03-09 21:58:00+00:00,/api/validate,-0.10468425268919468,0
2026-03-09 21:59:00+00:00,/api/error,-0.05100019877141393,0
2026-03-09 21:59:00+00:00,/api/normal,-0.20382982778449527,0
2026-03-09 22:00:00+00:00,/api/error,-0.08238864258494549,0
2026-03-09 22:00:00+00:00,/api/normal,-0.15489017504870978,0
2026-03-09 22:00:00+00:00,/api/slow,-0.13076605176519907,0
2026-03-09 22:00:00+00:00,/api/validate,-0.08800090199827226,0
2026-03-09 22:01:00+00:00,/api/error,-0.10295576933684453,0
2026-03-09 22:01:00+00:00,/api/normal,-0.18408242952092474,0
2026-03-09 22:01:00+00:00,/api/slow,-0.12722888114292302,0
2026-03-09 22:02:00+00:00,/api/db,-0.1848586685116297,0
2026-03-09 22:02:00+00:00,/api/error,-0.10568688472291676,0
2026-03-09 22:02:00+00:00,/api/normal,-0.2071309702601153,0
2026-03-09 22:02:00+00:00,/api/slow,-0.15402009884715495,0
2026-03-09 22:03:00+00:00,/api/error,-0.10995822571244107,0
2026-03-09 22:03:00+00:00,/api/normal,-0.1991134101492984,0
2026-03-09 22:04:00+00:00,/api/error,-0.04440914005219687,0
2026-03-09 22:04:00+00:00,/api/normal,-0.15016213245348753,0
2026-03-09 22:04:00+00:00,/api/slow,-0.15658433643799824,0
2026-03-09 22:05:00+00:00,/api/error,-0.03286566659863299,0
2026-03-09 22:05:00+00:00,/api/normal,-0.1795977317096511,0
2026-03-09 22:06:00+00:00,/api/error,-0.08442633965354318,0
2026-03-09 22:06:00+00:00,/api/normal,-0.14311301981140523,0
2026-03-09 22:06:00+00:00,/api/slow,-0.09677515946130621,0
2026-03-09 22:07:00+00:00,/api/db,-0.16367952386465934,0
2026-03-09 22:07:00+00:00,/api/error,-0.1405748488536292,0
2026-03-09 22:07:00+00:00,/api/normal,-0.20269392349174697,0
2026-03-09 22:07:00+00:00,/api/slow,-0.1625214023722642,0
2026-03-09 22:07:00+00:00,/api/validate,-0.1403792424614787,0
2026-03-09 22:08:00+00:00,/api/db,-0.1395576831856974,0
2026-03-09 22:08:00+00:00,/api/normal,-0.1960515203337298,0
2026-03-09 22:08:00+00:00,/api/slow,-0.1482311388475953,0
2026-03-09 22:09:00+00:00,/api/db,-0.1141877625570154,0
2026-03-09 22:09:00+00:00,/api/error,-0.15958169442208114,0
2026-03-09 22:09:00+00:00,/api/normal,-0.18637233736362985,0
2026-03-09 22:09:00+00:00,/api/slow,-0.12710752063285202,0
2026-03-09 22:10:00+00:00,/api/error,-0.1276085015706535,0
2026-03-09 22:10:00+00:00,/api/normal,-0.20043005538162034,0
2026-03-09 22:10:00+00:00,/api/slow,-0.11736573525812966,0
2026-03-09 22:11:00+00:00,/api/error,-0.16829776555056908,0
2026-03-09 22:11:00+00:00,/api/normal,-0.2004008454851713,0
2026-03-09 22:11:00+00:00,/api/slow,-0.1489382352231715,0
2026-03-09 22:12:00+00:00,/api/db,-0.09500961859107565,0
2026-03-09 22:12:00+00:00,/api/error,-0.14594141216763096,0
2026-03-09 22:12:00+00:00,/api/normal,-0.19342535515251374,0
2026-03-09 22:13:00+00:00,/api/db,-0.15425526090913105,0
2026-03-09 22:13:00+00:00,/api/normal,-0.20504570029049823,0
2026-03-09 22:13:00+00:00,/api/slow,-0.0945288578150612,0
2026-03-09 22:13:00+00:00,/api/validate,-0.10800750381052049,0
2026-03-09 22:14:00+00:00,/api/error,-0.1621938171068657,0
2026-03-09 22:14:00+00:00,/api/normal,-0.2090994493955325,0
2026-03-09 22:14:00+00:00,/api/slow,-0.14686649324357642,0
2026-03-09 22:14:00+00:00,/api/validate,-0.13776787160811443,0
2026-03-09 22:15:00+00:00,/api/error,-0.1670107985368529,0
2026-03-09 22:15:00+00:00,/api/normal,-0.15852952531610237,0
2026-03-09 22:15:00+00:00,/api/slow,-0.11593711731988066,0
2026-03-09 22:16:00+00:00,/api/error,-0.16492153822439837,0
2026-03-09 22:16:00+00:00,/api/normal,-0.1980592442149791,0
2026-03-09 22:16:00+00:00,/api/slow,-0.1733582505949851,0
2026-03-09 22:17:00+00:00,/api/error,-0.16918957204077928,0
2026-03-09 22:17:00+00:00,/api/normal,-0.2028222893103257,0
2026-03-09 22:17:00+00:00,/api/slow,-0.14454141665594783,0
2026-03-09 22:18:00+00:00,/api/db,-0.18259067651065253,0
2026-03-09 22:18:00+00:00,/api/normal,-0.20883827761123025,0
2026-03-09 22:18:00+00:00,/api/slow,-0.1583411032195084,0
2026-03-09 22:19:00+00:00,/api/db,-0.13781150825411742,0
2026-03-09 22:19:00+00:00,/api/error,-0.16475976805842724,0
2026-03-09 22:19:00+00:00,/api/normal,-0.19221646092368738,0
2026-03-09 22:19:00+00:00,/api/slow,-0.15725906891914637,0
2026-03-22 18:38:00+00:00,/api/normal,-0.06433822596703154,0
2026-03-22 18:38:00+00:00,/api/slow,0.07866901810853899,1
2026-03-22 18:39:00+00:00,/api/db,-0.06090420851901224,0
2026-03-22 18:39:00+00:00,/api/error,-0.05902208872874626,0
2026-03-22 18:39:00+00:00,/api/normal,-0.03539701518386673,0
2026-03-22 18:39:00+00:00,/api/slow,0.0704022356800803,1
2026-03-22 18:39:00+00:00,/api/validate,-0.02154634990915949,0
2026-03-22 18:40:00+00:00,/api/db,-0.1871747473224804,0
2026-03-22 18:40:00+00:00,/api/error,-0.1576793304699402,0
2026-03-22 18:40:00+00:00,/api/normal,-0.05052817529238807,0
2026-03-22 18:40:00+00:00,/api/slow,0.02986863713398258,1
2026-03-22 18:41:00+00:00,/api/db,-0.10488673641862145,0
2026-03-22 18:41:00+00:00,/api/error,0.0087014205793432,1
2026-03-22 18:41:00+00:00,/api/normal,0.042295807232932914,1
2026-03-22 18:41:00+00:00,/api/slow,0.02452625300960387,1
2026-03-22 18:42:00+00:00,/api/db,-0.10879233466390814,0
2026-03-22 18:42:00+00:00,/api/error,-0.11855565540028351,0
2026-03-22 18:42:00+00:00,/api/normal,-0.028412062056013654,0
2026-03-22 18:42:00+00:00,/api/slow,0.024185223107704434,1
2026-03-22 18:42:00+00:00,/api/validate,-0.10194185171606235,0
2026-03-22 18:43:00+00:00,/api/db,-0.15233515389054914,0
2026-03-22 18:43:00+00:00,/api/error,-0.06050262695229336,0
2026-03-22 18:43:00+00:00,/api/normal,0.05661526522428695,1
2026-03-22 18:43:00+00:00,/api/slow,0.0016406615844620775,1
2026-03-22 18:44:00+00:00,/api/error,-0.13491536225623524,0
2026-03-22 18:44:00+00:00,/api/normal,-0.03099050878476073,0
2026-03-22 18:44:00+00:00,/api/slow,0.002789755722875209,1
2026-03-22 18:45:00+00:00,/api/db,-0.10900590048098552,0
2026-03-22 18:45:00+00:00,/api/error,-0.09170514806711028,0
2026-03-22 18:45:00+00:00,/api/normal,0.009859875662576845,1
2026-03-22 18:45:00+00:00,/api/slow,0.015810926891929755,1
2026-03-22 18:45:00+00:00,/api/validate,-0.15208904467049694,0
2026-03-22 18:46:00+00:00,/api/db,-0.12714391941028302,0
2026-03-22 18:46:00+00:00,/api/error,-0.1355103176518619,0
2026-03-22 18:46:00+00:00,/api/normal,-0.03986562343687161,0
2026-03-22 18:46:00+00:00,/api/slow,0.04177480080029339,1
2026-03-22 18:46:00+00:00,/api/validate,0.025884403192948158,1
2026-03-22 18:47:00+00:00,/api/db,-0.1871747473224804,0
2026-03-22 18:47:00+00:00,/api/error,-0.12637554278057467,0
2026-03-22 18:47:00+00:00,/api/normal,-0.006562646337848199,0
2026-03-22 18:47:00+00:00,/api/slow,0.06287129200255737,1
2026-03-22 18:47:00+00:00,/api/validate,-0.06816415974443057,0
2026-03-22 18:48:00+00:00,/api/error,-0.10665587010614308,0
2026-03-22 18:48:00+00:00,/api/normal,-0.03441156848264326,0
2026-03-22 18:48:00+00:00,/api/slow,0.06751857404684913,1
2026-03-22 18:48:00+00:00,/api/validate,-0.09831797117489666,0
2026-03-22 18:49:00+00:00,/api/error,-0.022504878361023883,0
2026-03-22 18:49:00+00:00,/api/normal,-0.027974771384022046,0
2026-03-22 18:49:00+00:00,/api/slow,0.06220288927216311,1
2026-03-22 18:49:00+00:00,/api/validate,-0.051883917299231586,0
2026-03-22 18:50:00+00:00,/api/db,-0.12268978939827757,0
2026-03-22 18:50:00+00:00,/api/error,-0.12405678030714007,0
2026-03-22 18:50:00+00:00,/api/normal,-0.020407978060410836,0
2026-03-22 18:50:00+00:00,/api/slow,0.04399344378761316,1
2026-03-22 18:51:00+00:00,/api/db,-0.15388846529508898,0
2026-03-22 18:51:00+00:00,/api/error,-0.09195405036789761,0
2026-03-22 18:51:00+00:00,/api/normal,-0.024896829343547977,0
2026-03-22 18:51:00+00:00,/api/slow,0.015746751597538022,1
2026-03-22 18:51:00+00:00,/api/validate,-0.05625802155700943,0
2026-03-22 18:52:00+00:00,/api/db,-0.1848586685116297,0
2026-03-22 18:52:00+00:00,/api/error,-0.120356554475619,0
2026-03-22 18:52:00+00:00,/api/normal,-0.04971179384608149,0
2026-03-22 18:52:00+00:00,/api/slow,0.08144785376408425,1
2026-03-22 18:52:00+00:00,/api/validate,-0.15123169124412056,0
2026-03-22 18:53:00+00:00,/api/error,-0.1441391482153943,0
2026-03-22 18:53:00+00:00,/api/normal,-0.03527164520814685,0
2026-03-22 18:53:00+00:00,/api/slow,0.045443376109773115,1
2026-03-22 18:54:00+00:00,/api/db,-0.15126546303618543,0
2026-03-22 18:54:00+00:00,/api/error,-0.1257458136843213,0
2026-03-22 18:54:00+00:00,/api/normal,0.042012979973559794,1
2026-03-22 18:54:00+00:00,/api/slow,0.010117487704637718,1
2026-03-22 18:54:00+00:00,/api/validate,-0.06546024954815377,0
2026-03-22 18:55:00+00:00,/api/db,-0.12268978939827757,0
2026-03-22 18:55:00+00:00,/api/error,-0.12514101124523436,0
2026-03-22 18:55:00+00:00,/api/normal,-0.028151597229147507,0
2026-03-22 18:55:00+00:00,/api/slow,0.058358401226836665,1
2026-03-22 18:56:00+00:00,/api/db,-0.18512701659559277,0
2026-03-22 18:56:00+00:00,/api/error,-0.12231009220114603,0
2026-03-22 18:56:00+00:00,/api/normal,-0.024796006252087666,0
2026-03-22 18:56:00+00:00,/api/slow,0.05519728886291542,1
2026-03-22 18:57:00+00:00,/api/db,-0.10600531496283466,0
2026-03-22 18:57:00+00:00,/api/error,-0.15202107498373235,0
2026-03-22 18:57:00+00:00,/api/normal,0.07601481534195487,1
2026-03-22 18:57:00+00:00,/api/slow,-0.008063428329597055,0
2026-03-22 18:57:00+00:00,/api/validate,-0.0701605605893948,0
2026-03-22 18:58:00+00:00,/api/db,-0.1848586685116297,0
2026-03-22 18:58:00+00:00,/api/error,-0.12329060626990052,0
2026-03-22 18:58:00+00:00,/api/normal,-0.016422722775670806,0
2026-03-22 18:58:00+00:00,/api/slow,0.0512435437032136,1
2026-03-22 18:58:00+00:00,/api/validate,-0.10775959651670342,0
2026-03-22 18:59:00+00:00,/api/db,-0.18512701659559277,0
2026-03-22 18:59:00+00:00,/api/error,-0.09285070241882276,0
2026-03-22 18:59:00+00:00,/api/normal,0.06704593971406325,1
2026-03-22 18:59:00+00:00,/api/slow,0.02930851397806944,1
2026-03-22 19:00:00+00:00,/api/error,-0.14307883060682075,0
2026-03-22 19:00:00+00:00,/api/normal,-0.020983422399217022,0
2026-03-22 19:00:00+00:00,/api/slow,0.056366191685308986,1
2026-03-22 19:00:00+00:00,/api/validate,-0.1525612019465774,0
2026-03-22 19:01:00+00:00,/api/db,-0.1525554656538503,0
2026-03-22 19:01:00+00:00,/api/error,-0.14986737042311876,0
2026-03-22 19:01:00+00:00,/api/normal,-0.02403631116085947,0
2026-03-22 19:01:00+00:00,/api/slow,0.03216728407025904,1
2026-03-22 19:01:00+00:00,/api/validate,-0.04960494397648152,0
2026-03-22 19:02:00+00:00,/api/error,-0.14247340922138163,0
2026-03-22 19:02:00+00:00,/api/normal,-0.048236747210449016,0
2026-03-22 19:02:00+00:00,/api/slow,0.05720367039170482,1
2026-03-22 19:02:00+00:00,/api/validate,-0.058773810877623345,0
2026-03-22 19:03:00+00:00,/api/db,-0.1873311301463143,0
2026-03-22 19:03:00+00:00,/api/error,-0.14986737042311876,0
2026-03-22 19:03:00+00:00,/api/normal,-0.03159110562657308,0
2026-03-22 19:03:00+00:00,/api/slow,0.041027528640476985,1
2026-03-22 19:03:00+00:00,/api/validate,-0.15073256662687878,0
2026-03-22 19:04:00+00:00,/api/db,-0.1837064004502864,0
2026-03-22 19:04:00+00:00,/api/error,-0.13685307787597628,0
2026-03-22 19:04:00+00:00,/api/normal,-0.04499440166969204,0
2026-03-22 19:04:00+00:00,/api/slow,0.03823877127981046,1
2026-03-22 19:04:00+00:00,/api/validate,-0.09649955903816226,0
2026-03-22 19:05:00+00:00,/api/db,-0.11914296921285394,0
2026-03-22 19:05:00+00:00,/api/error,-0.08034747787391072,0
2026-03-22 19:05:00+00:00,/api/normal,-0.03108745081222586,0
2026-03-22 19:05:00+00:00,/api/slow,0.0502706250245315,1
2026-03-22 19:06:00+00:00,/api/db,-0.15465084957376202,0
2026-03-22 19:06:00+00:00,/api/error,-0.12255541956052585,0
2026-03-22 19:06:00+00:00,/api/normal,0.010577237378249782,1
2026-03-22 19:06:00+00:00,/api/slow,0.01611261077351156,1
2026-03-22 19:06:00+00:00,/api/validate,-0.10942990365556071,0
2026-03-22 19:07:00+00:00,/api/db,-0.14959096060537835,0
2026-03-22 19:07:00+00:00,/api/error,-0.12118804666951383,0
2026-03-22 19:07:00+00:00,/api/normal,-0.02167475548106268,0
2026-03-22 19:07:00+00:00,/api/slow,0.029966097166053363,1
2026-03-22 19:08:00+00:00,/api/db,-0.18754360423225336,0
2026-03-22 19:08:00+00:00,/api/error,-0.04224449851080725,0
2026-03-22 19:08:00+00:00,/api/normal,0.015134575977074571,1
2026-03-22 19:08:00+00:00,/api/slow,0.013041884515803792,1
2026-03-22 19:08:00+00:00,/api/validate,-0.09263108107269691,0
2026-03-22 19:09:00+00:00,/api/db,-0.12216318688633082,0
2026-03-22 19:09:00+00:00,/api/normal,-0.03613204451381746,0
2026-03-22 19:09:00+00:00,/api/slow,0.04759928283890624,1
2026-03-22 19:09:00+00:00,/api/validate,-0.1525612019465774,0
2026-03-22 19:10:00+00:00,/api/db,-0.18605114030576686,0
2026-03-22 19:10:00+00:00,/api/error,-0.13524780172626216,0
2026-03-22 19:10:00+00:00,/api/normal,-0.02470953366020201,0
2026-03-22 19:10:00+00:00,/api/slow,0.012546959948044556,1
2026-03-22 19:10:00+00:00,/api/validate,-0.09815064466619627,0
2026-03-22 19:11:00+00:00,/api/db,-0.10528672600589623,0
2026-03-22 19:11:00+00:00,/api/error,-0.15988905441391804,0
2026-03-22 19:11:00+00:00,/api/normal,0.04376970870117847,1
2026-03-22 19:11:00+00:00,/api/slow,0.04308701367412293,1
2026-03-22 19:11:00+00:00,/api/validate,-0.1523534397582288,0
2026-03-22 19:12:00+00:00,/api/db,-0.18512701659559277,0
2026-03-22 19:12:00+00:00,/api/error,-0.12349118583411417,0
2026-03-22 19:12:00+00:00,/api/normal,0.015274696547558975,1
2026-03-22 19:12:00+00:00,/api/slow,0.008505206386553499,1
2026-03-22 19:12:00+00:00,/api/validate,-0.1525612019465774,0
2026-03-22 19:13:00+00:00,/api/db,-0.15024239480506935,0
2026-03-22 19:13:00+00:00,/api/error,-0.12454607837634452,0
2026-03-22 19:13:00+00:00,/api/normal,-0.017215119045954963,0
2026-03-22 19:13:00+00:00,/api/slow,0.050433174882886345,1
2026-03-22 19:13:00+00:00,/api/validate,-0.08108437252489298,0
2026-03-22 19:14:00+00:00,/api/db,-0.12433349500094826,0
2026-03-22 19:14:00+00:00,/api/error,-0.1355103176518619,0
2026-03-22 19:14:00+00:00,/api/normal,-0.01342807904892973,0
2026-03-22 19:14:00+00:00,/api/slow,0.03571803281419683,1
2026-03-22 19:14:00+00:00,/api/validate,-0.07452190548260651,0
2026-03-22 19:15:00+00:00,/api/db,-0.1477662351939757,0
2026-03-22 19:15:00+00:00,/api/error,-0.136134262256431,0
2026-03-22 19:15:00+00:00,/api/normal,-0.04927378523229686,0
2026-03-22 19:15:00+00:00,/api/slow,0.04553251774950462,1
2026-03-22 19:15:00+00:00,/api/validate,-0.14858564726599466,0
2026-03-22 19:16:00+00:00,/api/db,-0.15133161595639544,0
2026-03-22 19:16:00+00:00,/api/error,-0.1317304775477634,0
2026-03-22 19:16:00+00:00,/api/normal,-0.008971067877345806,0
2026-03-22 19:16:00+00:00,/api/slow,0.02966844683025016,1
2026-03-22 19:16:00+00:00,/api/validate,-0.058659102964664034,0
2026-03-22 19:17:00+00:00,/api/db,-0.15225860936783758,0
2026-03-22 19:17:00+00:00,/api/error,-0.10506382503517886,0
2026-03-22 19:17:00+00:00,/api/normal,0.03208962036758056,1
2026-03-22 19:17:00+00:00,/api/slow,0.027150940384852995,1
2026-03-22 19:17:00+00:00,/api/validate,-0.05297788061325137,0
2026-03-22 19:18:00+00:00,/api/error,-0.12329060626990052,0
2026-03-22 19:18:00+00:00,/api/normal,-0.02085972631866284,0
2026-03-22 19:18:00+00:00,/api/slow,0.04032496462873403,1
2026-03-22 19:18:00+00:00,/api/validate,-0.1525612019465774,0
2026-03-22 19:19:00+00:00,/api/db,-0.12363222467386065,0
2026-03-22 19:19:00+00:00,/api/error,-0.14699514126478885,0
2026-03-22 19:19:00+00:00,/api/normal,-0.009566737389968938,0
2026-03-22 19:19:00+00:00,/api/slow,0.04174991700772712,1
2026-03-22 19:20:00+00:00,/api/db,-0.11728259704615318,0
2026-03-22 19:20:00+00:00,/api/error,0.06160345844119541,1
2026-03-22 19:20:00+00:00,/api/normal,-0.023326220457432045,0
2026-03-22 19:20:00+00:00,/api/slow,0.013138472624074526,1
2026-03-22 19:20:00+00:00,/api/validate,-0.02757384150848885,0
2026-03-22 19:21:00+00:00,/api/db,-0.1229968566141057,0
2026-03-22 19:21:00+00:00,/api/error,0.07519110663971451,1
2026-03-22 19:21:00+00:00,/api/normal,-0.024433300693412208,0
2026-03-22 19:21:00+00:00,/api/slow,0.013234316638265242,1
2026-03-22 19:21:00+00:00,/api/validate,-0.15277634012017455,0
2026-03-22 19:22:00+00:00,/api/error,0.06803214764107934,1
2026-03-22 19:22:00+00:00,/api/normal,-0.03263393705391715,0
2026-03-22 19:22:00+00:00,/api/slow,0.008465472232539795,1
2026-03-22 19:22:00+00:00,/api/validate,-0.10344071953311901,0
2026-03-22 19:23:00+00:00,/api/db,-0.1871747473224804,0
2026-03-22 19:23:00+00:00,/api/error,0.06419976465250732,1
2026-03-22 19:23:00+00:00,/api/normal,-0.04136857214431966,0
2026-03-22 19:23:00+00:00,/api/slow,0.0441443538026739,1
2026-03-22 19:24:00+00:00,/api/db,-0.10900590048098552,0
2026-03-22 19:24:00+00:00,/api/error,0.07060774711324258,1
2026-03-22 19:24:00+00:00,/api/normal,-0.025928882091150074,0
2026-03-22 19:24:00+00:00,/api/slow,0.019815636595113095,1
2026-03-22 19:24:00+00:00,/api/validate,-0.05857004035397495,0
2026-03-22 19:25:00+00:00,/api/error,-0.039629032746733794,0
2026-03-22 19:25:00+00:00,/api/normal,-0.0944392412662029,0
2026-03-22 19:25:00+00:00,/api/slow,0.056351117699094844,1
2026-04-06 11:58:00+00:00,/api/normal,-0.08752713909791132,0
2026-04-06 11:58:00+00:00,/api/slow,0.023394408774544573,1
2026-04-06 11:59:00+00:00,/api/error,-0.08815833188144018,0
2026-04-06 11:59:00+00:00,/api/normal,-0.027568176076794737,0
2026-04-06 11:59:00+00:00,/api/slow,0.07369006287895707,1
2026-04-06 11:59:00+00:00,/api/validate,-0.037881077219438786,0
2026-04-06 12:00:00+00:00,/api/db,-0.08971954574435814,0
2026-04-06 12:00:00+00:00,/api/error,-0.13781742510376344,0
2026-04-06 12:00:00+00:00,/api/normal,-0.02379931527779533,0
2026-04-06 12:00:00+00:00,/api/slow,0.049880863215551074,1
2026-04-06 12:01:00+00:00,/api/error,-0.1134554897853729,0
2026-04-06 12:01:00+00:00,/api/normal,-0.04768896233826392,0
2026-04-06 12:01:00+00:00,/api/slow,0.05219377923997326,1
2026-04-06 12:02:00+00:00,/api/db,-0.1497210198987728,0
2026-04-06 12:02:00+00:00,/api/error,-0.14594141216763096,0
2026-04-06 12:02:00+00:00,/api/normal,-0.03803598140157982,0
2026-04-06 12:02:00+00:00,/api/slow,0.05975642692445016,1
2026-04-06 12:03:00+00:00,/api/error,-0.14118563148327418,0
2026-04-06 12:03:00+00:00,/api/normal,-0.044817133369150386,0
2026-04-06 12:03:00+00:00,/api/slow,0.05672110611532888,1
2026-04-06 12:04:00+00:00,/api/db,-0.14891726561562912,0
2026-04-06 12:04:00+00:00,/api/error,-0.059236225097309636,0
2026-04-06 12:04:00+00:00,/api/normal,-0.030613883999509817,0
2026-04-06 12:04:00+00:00,/api/slow,0.022057536055519966,1
2026-04-06 12:04:00+00:00,/api/validate,-0.10117897983553731,0
2026-04-06 12:05:00+00:00,/api/db,-0.18512701659559277,0
2026-04-06 12:05:00+00:00,/api/error,-0.11565009611865151,0
2026-04-06 12:05:00+00:00,/api/normal,-0.03535639811717728,0
2026-04-06 12:05:00+00:00,/api/slow,0.029575801917471667,1
2026-04-06 12:05:00+00:00,/api/validate,-0.09074106742945409,0
2026-04-06 12:06:00+00:00,/api/db,-0.18286570735081042,0
2026-04-06 12:06:00+00:00,/api/error,-0.1355103176518619,0
2026-04-06 12:06:00+00:00,/api/normal,-0.028615671422131284,0
2026-04-06 12:06:00+00:00,/api/slow,0.05287264990856533,1
2026-04-06 12:07:00+00:00,/api/db,-0.1848586685116297,0
2026-04-06 12:07:00+00:00,/api/error,-0.09170514806711028,0
2026-04-06 12:07:00+00:00,/api/normal,-0.021183892243259783,0
2026-04-06 12:07:00+00:00,/api/slow,0.03196151967406047,1
2026-04-06 12:08:00+00:00,/api/db,-0.18618514804721453,0
2026-04-06 12:08:00+00:00,/api/error,-0.1536812799348795,0
2026-04-06 12:08:00+00:00,/api/normal,-0.025930121384885818,0
2026-04-06 12:08:00+00:00,/api/slow,0.016803037737257887,1
2026-04-06 12:08:00+00:00,/api/validate,-0.1034751759608501,0
2026-04-06 12:09:00+00:00,/api/db,-0.10705425415876502,0
2026-04-06 12:09:00+00:00,/api/error,-0.14424185317275923,0
2026-04-06 12:09:00+00:00,/api/normal,-0.005225327637387034,0
2026-04-06 12:09:00+00:00,/api/slow,0.016341038057947954,1
2026-04-06 12:09:00+00:00,/api/validate,-0.05075363691168422,0
2026-04-06 12:10:00+00:00,/api/error,-0.150258722114122,0
2026-04-06 12:10:00+00:00,/api/normal,-0.07020464822309791,0
2026-04-06 12:10:00+00:00,/api/slow,0.07429196704824792,1
